case,family,param,mismatch,ratio,Xsep,Xc,H1,H2,D1,D2,Pref1,Pref2,Imax1,Imax2,E_h,Imax_h,M_agg,CCT_agg_EAC,CCT_agg_TD,CCT_per_TD,dCCT_rel,feasible,I_coh,N_ode45,note
F1_X_0.0000,F1,Xsep,0,NaN,0,0.7,2.5,2.5,5,5,0.25,0.25,0.6,0.6,0.999999954821211,1.2,0.794041450777202,0.40625,0.42694091796875,0.42694091796875,0,1,0,34,ok
F1_X_0.0050,F1,Xsep,0,NaN,0.005,0.7,2.5,2.5,5,5,0.25,0.25,0.6,0.6,0.999887033020626,1.2,0.794041450777202,0.40625,0.42694091796875,0.42681884765625,-0.000285918513223731,1,0,34,ok
F1_X_0.0100,F1,Xsep,0,NaN,0.01,0.7,2.5,2.5,5,5,0.25,0.25,0.6,0.6,0.999774025940796,1.2,0.794041450777202,0.40625,0.4268798828125,0.42669677734375,-0.000428939090649128,1,0,34,ok
F1_X_0.0200,F1,Xsep,0,NaN,0.02,0.7,2.5,2.5,5,5,0.25,0.25,0.6,0.6,0.999547891052038,1.2,0.792746113989637,0.40625,0.4268798828125,0.426513671875,-0.000857878181298256,1,0,34,ok
F1_X_0.0300,F1,Xsep,0,NaN,0.03,0.7,2.5,2.5,5,5,0.25,0.25,0.6,0.6,0.999321594476036,1.2,0.792746113989637,0.40625,0.42681884765625,0.42626953125,-0.00128700128700129,1,0,34,ok
F1_X_0.0500,F1,Xsep,0,NaN,0.05,0.7,2.5,2.5,5,5,0.25,0.25,0.6,0.6,0.998868512813605,1.2,0.792746113989637,0.40625,0.4267578125,0.42578125,-0.0022883295194508,1,0,34,ok
F1_X_0.0750,F1,Xsep,0,NaN,0.075,0.7,2.5,2.5,5,5,0.25,0.25,0.6,0.6,0.998301235826373,1.2,0.792746113989637,0.4052734375,0.4266357421875,0.42510986328125,-0.00357653791130186,1,0,34,ok
F1_X_0.1000,F1,Xsep,0,NaN,0.1,0.7,2.5,2.5,5,5,0.25,0.25,0.6,0.6,0.997732918395114,1.2,0.792477302204929,0.4052734375,0.426513671875,0.42437744140625,-0.00500858614768174,1,0,34,ok
F1_X_0.1500,F1,Xsep,0,NaN,0.15,0.7,2.5,2.5,5,5,0.25,0.25,0.6,0.6,0.99659310677844,1.2,0.792477302204929,0.4052734375,0.42633056640625,0.42279052734375,-0.00830350751610594,1,0,34,ok
F1_X_0.2000,F1,Xsep,0,NaN,0.2,0.7,2.5,2.5,5,5,0.25,0.25,0.6,0.6,0.995448965609287,1.2,0.792477302204929,0.4052734375,0.42608642578125,0.4210205078125,-0.011889414124051,1,0,34,ok
F1_X_0.3000,F1,Xsep,0,NaN,0.3,0.7,2.5,2.5,5,5,0.25,0.25,0.6,0.6,0.993147232676024,1.2,0.793506493506493,0.404296875,0.4256591796875,0.41705322265625,-0.0202179523946085,1,0,34,ok
F1_X_0.4000,F1,Xsep,0,NaN,0.4,0.7,2.5,2.5,5,5,0.25,0.25,0.6,0.6,0.990826769245925,1.2,0.792207792207792,0.404296875,0.42523193359375,0.41278076171875,-0.0292808956509258,1,0,34,ok
F1_X_0.5500,F1,Xsep,0,NaN,0.55,0.7,2.5,2.5,5,5,0.25,0.25,0.6,0.6,0.987308764330857,1.2,0.791937581274382,0.4033203125,0.42449951171875,0.40582275390625,-0.0439971243709561,1,0,34,ok
F1_X_0.7000,F1,Xsep,0,NaN,0.7,0.7,2.5,2.5,5,5,0.25,0.25,0.6,0.6,0.983742797380893,1.2,0.791666666666667,0.40234375,0.42376708984375,0.39910888671875,-0.0581881031254501,1,0,34,ok
F1_X_0.8500,F1,Xsep,0,NaN,0.85,0.7,2.5,2.5,5,5,0.25,0.25,0.6,0.6,0.980125022048777,1.2,0.791395045632334,0.40234375,0.42303466796875,0.392822265625,-0.0714182657625162,1,0,34,ok
F1_X_1.0000,F1,Xsep,0,NaN,1,0.7,2.5,2.5,5,5,0.25,0.25,0.6,0.6,0.976451276381214,1.2,0.7911227154047,0.4013671875,0.4222412109375,0.3868408203125,-0.0838392599017057,1,0,34,ok
F2_H_m0.0010_X0.050,F2,H,0.001,1.00100050025012,0.05,0.7,2.50125,2.49875,5,5,0.25,0.25,0.6,0.6,0.998868512813605,1.2,0.792746113989637,0.40625,0.4267578125,0.42401123046875,-0.00643592677345538,1,9.38120824400812e-06,34,ok
F2_H_m0.0020_X0.050,F2,H,0.002,1.002002002002,0.05,0.7,2.5025,2.4975,5,5,0.25,0.25,0.6,0.6,0.998868512813605,1.2,0.792746113989637,0.40625,0.4267578125,0.42333984375,-0.0080091533180778,1,1.93172351329318e-05,34,ok
F2_H_m0.0050_X0.050,F2,H,0.005,1.00501253132832,0.05,0.7,2.50625,2.49375,5,5,0.25,0.25,0.6,0.6,0.998868512813605,1.2,0.792746113989637,0.40625,0.4267578125,0.422119140625,-0.0108695652173913,1,4.83062845033078e-05,34,ok
F2_H_m0.0100_X0.050,F2,H,0.01,1.01005025125628,0.05,0.7,2.5125,2.4875,5,5,0.25,0.25,0.6,0.6,0.998868512813605,1.2,0.792746113989637,0.40625,0.4267578125,0.42083740234375,-0.0138729977116705,1,9.59277233233968e-05,34,ok
F2_H_m0.0200_X0.050,F2,H,0.02,1.02020202020202,0.05,0.7,2.525,2.475,5,5,0.25,0.25,0.6,0.6,0.998868512813605,1.2,0.792746113989637,0.40625,0.4267578125,0.4190673828125,-0.0180205949656751,1,0.000193055390700247,34,ok
F2_H_m0.0300_X0.050,F2,H,0.03,1.03045685279188,0.05,0.7,2.5375,2.4625,5,5,0.25,0.25,0.6,0.6,0.998868512813605,1.2,0.792746113989637,0.40625,0.4267578125,0.41766357421875,-0.0213100686498856,1,0.000290178160811561,34,ok
F2_H_m0.0500_X0.050,F2,H,0.05,1.05128205128205,0.05,0.7,2.5625,2.4375,5,5,0.25,0.25,0.6,0.6,0.998868512813605,1.2,0.792746113989637,0.40625,0.4267578125,0.41552734375,-0.0263157894736842,1,0.000481882271203882,34,ok
F2_H_m0.0750_X0.050,F2,H,0.075,1.07792207792208,0.05,0.7,2.59375,2.40625,5,5,0.25,0.25,0.6,0.6,0.998868512813605,1.2,0.792746113989637,0.40625,0.4267578125,0.41326904296875,-0.0316075514874142,1,0.000725565413828677,34,ok
F2_H_m0.1000_X0.050,F2,H,0.1,1.10526315789474,0.05,0.7,2.625,2.375,5,5,0.25,0.25,0.6,0.6,0.998868512813605,1.2,0.792746113989637,0.40625,0.4267578125,0.4112548828125,-0.0363272311212815,1,0.000966204154535355,34,ok
F2_H_m0.1250_X0.050,F2,H,0.125,1.13333333333333,0.05,0.7,2.65625,2.34375,5,5,0.25,0.25,0.6,0.6,0.998868512813605,1.2,0.792746113989637,0.40625,0.4267578125,0.40948486328125,-0.040474828375286,1,0.00120747426126244,34,ok
F2_H_m0.1500_X0.050,F2,H,0.15,1.16216216216216,0.05,0.7,2.6875,2.3125,5,5,0.25,0.25,0.6,0.6,0.998868512813605,1.2,0.792746113989637,0.40625,0.4267578125,0.40777587890625,-0.0444794050343249,1,0.001445901182417,34,ok
F2_H_m0.2000_X0.050,F2,H,0.2,1.22222222222222,0.05,0.7,2.75,2.25,5,5,0.25,0.25,0.6,0.6,0.998868512813605,1.2,0.792746113989637,0.40625,0.4267578125,0.4046630859375,-0.0517734553775744,1,0.00192719496073795,34,ok
F2_H_m0.2500_X0.050,F2,H,0.25,1.28571428571429,0.05,0.7,2.8125,2.1875,5,5,0.25,0.25,0.6,0.6,0.998868512813605,1.2,0.792746113989637,0.40625,0.4267578125,0.40185546875,-0.0583524027459954,1,0.0024182292557508,34,ok
F2_H_m0.3000_X0.050,F2,H,0.3,1.35294117647059,0.05,0.7,2.875,2.125,5,5,0.25,0.25,0.6,0.6,0.998868512813605,1.2,0.792746113989637,0.40625,0.4267578125,0.3992919921875,-0.0643592677345538,1,0.00289253567621511,34,ok
F2_H_m0.3500_X0.050,F2,H,0.35,1.42424242424242,0.05,0.7,2.9375,2.0625,5,5,0.25,0.25,0.6,0.6,0.998868512813605,1.2,0.792746113989637,0.40625,0.4267578125,0.39697265625,-0.0697940503432494,1,0.00338359165885799,34,ok
F2_H_m0.4000_X0.050,F2,H,0.4,1.5,0.05,0.7,3,2,5,5,0.25,0.25,0.6,0.6,0.998868512813605,1.2,0.792746113989637,0.40625,0.4267578125,0.394775390625,-0.0749427917620137,1,0.00385932933671784,34,ok
F2_H_m0.5000_X0.050,F2,H,0.5,1.66666666666667,0.05,0.7,3.125,1.875,5,5,0.25,0.25,0.6,0.6,0.998868512813605,1.2,0.792746113989637,0.40625,0.4267578125,0.39080810546875,-0.0842391304347826,1,0.00483318369385877,34,ok
F2_H_m0.6000_X0.050,F2,H,0.6,1.85714285714286,0.05,0.7,3.25,1.75,5,5,0.25,0.25,0.6,0.6,0.998868512813605,1.2,0.792746113989637,0.40625,0.4267578125,0.38714599609375,-0.0928203661327231,1,0.00580094109733181,34,ok
F2_H_m0.6667_X0.050,F2,H,0.666666666666667,2,0.05,0.7,3.33333333333333,1.66666666666667,5,5,0.25,0.25,0.6,0.6,0.998868512813605,1.2,0.792746113989637,0.40625,0.4267578125,0.384765625,-0.0983981693363844,1,0.00643468213012871,34,ok
F2_H_m0.8000_X0.050,F2,H,0.8,2.33333333333333,0.05,0.7,3.5,1.5,5,5,0.25,0.25,0.6,0.6,0.998868512813605,1.2,0.792746113989637,0.40625,0.4267578125,0.3797607421875,-0.11012585812357,1,0.00774920858382222,34,ok
F2_H_m1.0000_X0.050,F2,H,1,3,0.05,0.7,3.75,1.25,5,5,0.25,0.25,0.6,0.6,0.998868512813605,1.2,0.792746113989637,0.40625,0.4267578125,0.3642578125,-0.146453089244851,1,0.00976865037934083,34,ok
F2_H_m1.2000_X0.050,F2,H,1.2,4,0.05,0.7,4,1,5,5,0.25,0.25,0.6,0.6,0.998868512813605,1.2,0.792746113989637,0.40625,0.4267578125,0.3514404296875,-0.176487414187643,1,0.0119859020198319,34,ok
F2_H_m1.4000_X0.050,F2,H,1.4,5.66666666666667,0.05,0.7,4.25,0.75,5,5,0.25,0.25,0.6,0.6,0.998868512813605,1.2,0.792746113989637,0.40625,0.4267578125,0.34539794921875,-0.190646453089245,1,0.0142189993052306,34,ok
F2_H_m1.6364_X0.050,F2,H,1.63636363636364,10,0.05,0.7,4.54545454545455,0.454545454545454,5,5,0.25,0.25,0.6,0.6,0.998868512813605,1.2,0.792746113989637,0.40625,0.4267578125,0.3382568359375,-0.207379862700229,1,0.0170902878798164,34,ok
F2_H_m0.0010_X0.200,F2,H,0.001,1.00100050025012,0.2,0.7,2.50125,2.49875,5,5,0.25,0.25,0.6,0.6,0.995448965609287,1.2,0.792477302204929,0.4052734375,0.42608642578125,0.42095947265625,-0.0120326600773528,1,3.81216417924546e-05,34,ok
F2_H_m0.0020_X0.200,F2,H,0.002,1.002002002002,0.2,0.7,2.5025,2.4975,5,5,0.25,0.25,0.6,0.6,0.995448965609287,1.2,0.792477302204929,0.4052734375,0.42608642578125,0.4208984375,-0.0121759060306546,1,7.31349902591827e-05,34,ok
F2_H_m0.0050_X0.200,F2,H,0.005,1.00501253132832,0.2,0.7,2.50625,2.49375,5,5,0.25,0.25,0.6,0.6,0.995448965609287,1.2,0.792477302204929,0.4052734375,0.42608642578125,0.42071533203125,-0.0126056438905601,1,0.000189152345800803,34,ok
F2_H_m0.0100_X0.200,F2,H,0.01,1.01005025125628,0.2,0.7,2.5125,2.4875,5,5,0.25,0.25,0.6,0.6,0.995448965609287,1.2,0.792477302204929,0.4052734375,0.42608642578125,0.42041015625,-0.0133218736570692,1,0.000378697489911761,34,ok
F2_H_m0.0200_X0.200,F2,H,0.02,1.02020202020202,0.2,0.7,2.525,2.475,5,5,0.25,0.25,0.6,0.6,0.995448965609287,1.2,0.792477302204929,0.4052734375,0.42608642578125,0.419921875,-0.0144678412834837,1,0.000762210950775444,34,ok
F2_H_m0.0300_X0.200,F2,H,0.03,1.03045685279188,0.2,0.7,2.5375,2.4625,5,5,0.25,0.25,0.6,0.6,0.995448965609287,1.2,0.792477302204929,0.4052734375,0.42608642578125,0.41937255859375,-0.0157570548632001,1,0.00113583067673068,34,ok
F2_H_m0.0500_X0.200,F2,H,0.05,1.05128205128205,0.2,0.7,2.5625,2.4375,5,5,0.25,0.25,0.6,0.6,0.995448965609287,1.2,0.792477302204929,0.4052734375,0.42608642578125,0.4183349609375,-0.018192236069331,1,0.00189257036438512,34,ok
F2_H_m0.0750_X0.200,F2,H,0.075,1.07792207792208,0.2,0.7,2.59375,2.40625,5,5,0.25,0.25,0.6,0.6,0.995448965609287,1.2,0.792477302204929,0.4052734375,0.42608642578125,0.4169921875,-0.0213436470419711,1,0.00285475328098717,34,ok
F2_H_m0.1000_X0.200,F2,H,0.1,1.10526315789474,0.2,0.7,2.625,2.375,5,5,0.25,0.25,0.6,0.6,0.995448965609287,1.2,0.792477302204929,0.4052734375,0.42608642578125,0.41558837890625,-0.0246383039679129,1,0.00381092081952344,34,ok
F2_H_m0.1250_X0.200,F2,H,0.125,1.13333333333333,0.2,0.7,2.65625,2.34375,5,5,0.25,0.25,0.6,0.6,0.995448965609287,1.2,0.792477302204929,0.4052734375,0.42608642578125,0.41412353515625,-0.0280762068471566,1,0.00475226643678056,34,ok
F2_H_m0.1500_X0.200,F2,H,0.15,1.16216216216216,0.2,0.7,2.6875,2.3125,5,5,0.25,0.25,0.6,0.6,0.995448965609287,1.2,0.792477302204929,0.4052734375,0.42608642578125,0.41259765625,-0.031657355679702,1,0.00571045567572476,34,ok
F2_H_m0.2000_X0.200,F2,H,0.2,1.22222222222222,0.2,0.7,2.75,2.25,5,5,0.25,0.25,0.6,0.6,0.995448965609287,1.2,0.792477302204929,0.4052734375,0.42608642578125,0.40960693359375,-0.0386764073914912,1,0.00761789489081649,34,ok
F2_H_m0.2500_X0.200,F2,H,0.25,1.28571428571429,0.2,0.7,2.8125,2.1875,5,5,0.25,0.25,0.6,0.6,0.995448965609287,1.2,0.792477302204929,0.4052734375,0.42608642578125,0.40655517578125,-0.0458387050565821,1,0.00952747986167213,34,ok
F2_H_m0.3000_X0.200,F2,H,0.3,1.35294117647059,0.2,0.7,2.875,2.125,5,5,0.25,0.25,0.6,0.6,0.995448965609287,1.2,0.792477302204929,0.4052734375,0.42608642578125,0.403564453125,-0.0528577567683713,1,0.0114103239839778,34,ok
F2_H_m0.3500_X0.200,F2,H,0.35,1.42424242424242,0.2,0.7,2.9375,2.0625,5,5,0.25,0.25,0.6,0.6,0.995448965609287,1.2,0.792477302204929,0.4052734375,0.42608642578125,0.400634765625,-0.0597335625268586,1,0.0133188658136662,34,ok
F2_H_m0.4000_X0.200,F2,H,0.4,1.5,0.2,0.7,3,2,5,5,0.25,0.25,0.6,0.6,0.995448965609287,1.2,0.792477302204929,0.4052734375,0.42608642578125,0.3978271484375,-0.0663228763787423,1,0.0152020345905752,34,ok
F2_H_m0.5000_X0.200,F2,H,0.5,1.66666666666667,0.2,0.7,3.125,1.875,5,5,0.25,0.25,0.6,0.6,0.995448965609287,1.2,0.792477302204929,0.4052734375,0.42608642578125,0.39251708984375,-0.0787852743160006,1,0.0190295710954349,34,ok
F2_H_m0.6000_X0.200,F2,H,0.6,1.85714285714286,0.2,0.7,3.25,1.75,5,5,0.25,0.25,0.6,0.6,0.995448965609287,1.2,0.792477302204929,0.4052734375,0.42608642578125,0.3876953125,-0.0901017046268443,1,0.0228469224841472,34,ok
F2_H_m0.6667_X0.200,F2,H,0.666666666666667,2,0.2,0.7,3.33333333333333,1.66666666666667,5,5,0.25,0.25,0.6,0.6,0.995448965609287,1.2,0.792477302204929,0.4052734375,0.42608642578125,0.384765625,-0.0969775103853316,1,0.0253540776544393,34,ok
F2_H_m0.8000_X0.200,F2,H,0.8,2.33333333333333,0.2,0.7,3.5,1.5,5,5,0.25,0.25,0.6,0.6,0.995448965609287,1.2,0.792477302204929,0.4052734375,0.42608642578125,0.379638671875,-0.109010170462684,1,0.0304328483836341,34,ok
F2_H_m1.0000_X0.200,F2,H,1,3,0.2,0.7,3.75,1.25,5,5,0.25,0.25,0.6,0.6,0.995448965609287,1.2,0.792477302204929,0.4052734375,0.42608642578125,0.37017822265625,-0.131213293224466,1,0.0379802758359712,34,ok
F2_H_m1.2000_X0.200,F2,H,1.2,4,0.2,0.7,4,1,5,5,0.25,0.25,0.6,0.6,0.995448965609287,1.2,0.792477302204929,0.4052734375,0.42608642578125,0.3636474609375,-0.146540610227761,1,0.0456102840356072,34,ok
F2_H_m1.4000_X0.200,F2,H,1.4,5.66666666666667,0.2,0.7,4.25,0.75,5,5,0.25,0.25,0.6,0.6,0.995448965609287,1.2,0.792477302204929,0.4052734375,0.42608642578125,0.36334228515625,-0.14725683999427,1,0.0536298170395665,34,ok
F2_H_m1.6364_X0.200,F2,H,1.63636363636364,10,0.2,0.7,4.54545454545455,0.454545454545454,5,5,0.25,0.25,0.6,0.6,0.995448965609287,1.2,0.792477302204929,0.4052734375,0.42608642578125,0.3560791015625,-0.164303108437187,1,0.063273919526073,34,ok
F2_H_m0.0010_X0.700,F2,H,0.001,1.00100050025012,0.7,0.7,2.50125,2.49875,5,5,0.25,0.25,0.6,0.6,0.983742797380893,1.2,0.791666666666667,0.40234375,0.42376708984375,0.39910888671875,-0.0581881031254501,1,0.000134215214916855,34,ok
F2_H_m0.0020_X0.700,F2,H,0.002,1.002002002002,0.7,0.7,2.5025,2.4975,5,5,0.25,0.25,0.6,0.6,0.983742797380893,1.2,0.791666666666667,0.40234375,0.42376708984375,0.39910888671875,-0.0581881031254501,1,0.000269523761185053,34,ok
F2_H_m0.0050_X0.700,F2,H,0.005,1.00501253132832,0.7,0.7,2.50625,2.49375,5,5,0.25,0.25,0.6,0.6,0.983742797380893,1.2,0.791666666666667,0.40234375,0.42376708984375,0.399169921875,-0.0580440731672188,1,0.000667551862831295,34,ok
F2_H_m0.0100_X0.700,F2,H,0.01,1.01005025125628,0.7,0.7,2.5125,2.4875,5,5,0.25,0.25,0.6,0.6,0.983742797380893,1.2,0.791666666666667,0.40234375,0.42376708984375,0.399169921875,-0.0580440731672188,1,0.00134497107748088,34,ok
F2_H_m0.0200_X0.700,F2,H,0.02,1.02020202020202,0.7,0.7,2.525,2.475,5,5,0.25,0.25,0.6,0.6,0.983742797380893,1.2,0.791666666666667,0.40234375,0.42376708984375,0.399169921875,-0.0580440731672188,1,0.00266522489621102,34,ok
F2_H_m0.0300_X0.700,F2,H,0.03,1.03045685279188,0.7,0.7,2.5375,2.4625,5,5,0.25,0.25,0.6,0.6,0.983742797380893,1.2,0.791666666666667,0.40234375,0.42376708984375,0.39923095703125,-0.0579000432089875,1,0.00404268261265162,34,ok
F2_H_m0.0500_X0.700,F2,H,0.05,1.05128205128205,0.7,0.7,2.5625,2.4375,5,5,0.25,0.25,0.6,0.6,0.983742797380893,1.2,0.791666666666667,0.40234375,0.42376708984375,0.3992919921875,-0.0577560132507562,1,0.00673595095730462,34,ok
F2_H_m0.0750_X0.700,F2,H,0.075,1.07792207792208,0.7,0.7,2.59375,2.40625,5,5,0.25,0.25,0.6,0.6,0.983742797380893,1.2,0.791666666666667,0.40234375,0.42376708984375,0.39935302734375,-0.0576119832925248,1,0.0100690412613224,34,ok
F2_H_m0.1000_X0.700,F2,H,0.1,1.10526315789474,0.7,0.7,2.625,2.375,5,5,0.25,0.25,0.6,0.6,0.983742797380893,1.2,0.791666666666667,0.40234375,0.42376708984375,0.39935302734375,-0.0576119832925248,1,0.0134649588656994,34,ok
F2_H_m0.1250_X0.700,F2,H,0.125,1.13333333333333,0.7,0.7,2.65625,2.34375,5,5,0.25,0.25,0.6,0.6,0.983742797380893,1.2,0.791666666666667,0.40234375,0.42376708984375,0.3992919921875,-0.0577560132507562,1,0.0168069369872742,34,ok
F2_H_m0.1500_X0.700,F2,H,0.15,1.16216216216216,0.7,0.7,2.6875,2.3125,5,5,0.25,0.25,0.6,0.6,0.983742797380893,1.2,0.791666666666667,0.40234375,0.42376708984375,0.39910888671875,-0.0581881031254501,1,0.0202134772896045,34,ok
F2_H_m0.2000_X0.700,F2,H,0.2,1.22222222222222,0.7,0.7,2.75,2.25,5,5,0.25,0.25,0.6,0.6,0.983742797380893,1.2,0.791666666666667,0.40234375,0.42376708984375,0.398681640625,-0.0591963128330693,1,0.0269441776860602,34,ok
F2_H_m0.2500_X0.700,F2,H,0.25,1.28571428571429,0.7,0.7,2.8125,2.1875,5,5,0.25,0.25,0.6,0.6,0.983742797380893,1.2,0.791666666666667,0.40234375,0.42376708984375,0.3980712890625,-0.0606366124153824,1,0.0335944380998378,34,ok
F2_H_m0.3000_X0.700,F2,H,0.3,1.35294117647059,0.7,0.7,2.875,2.125,5,5,0.25,0.25,0.6,0.6,0.983742797380893,1.2,0.791666666666667,0.40234375,0.42376708984375,0.39727783203125,-0.0625090018723895,1,0.0404245197819868,34,ok
F2_H_m0.3500_X0.700,F2,H,0.35,1.42424242424242,0.7,0.7,2.9375,2.0625,5,5,0.25,0.25,0.6,0.6,0.983742797380893,1.2,0.791666666666667,0.40234375,0.42376708984375,0.39642333984375,-0.0645254212876278,1,0.0470522423858256,34,ok
F2_H_m0.4000_X0.700,F2,H,0.4,1.5,0.7,0.7,3,2,5,5,0.25,0.25,0.6,0.6,0.983742797380893,1.2,0.791666666666667,0.40234375,0.42376708984375,0.39544677734375,-0.0668299006193288,1,0.0538772454150577,34,ok
F2_H_m0.5000_X0.700,F2,H,0.5,1.66666666666667,0.7,0.7,3.125,1.875,5,5,0.25,0.25,0.6,0.6,0.983742797380893,1.2,0.791666666666667,0.40234375,0.42376708984375,0.39337158203125,-0.0717269191991934,1,0.0672102906847293,34,ok
F2_H_m0.6000_X0.700,F2,H,0.6,1.85714285714286,0.7,0.7,3.25,1.75,5,5,0.25,0.25,0.6,0.6,0.983742797380893,1.2,0.791666666666667,0.40234375,0.42376708984375,0.3912353515625,-0.0767679677372894,1,0.0807419604931506,34,ok
F2_H_m0.6667_X0.700,F2,H,0.666666666666667,2,0.7,0.7,3.33333333333333,1.66666666666667,5,5,0.25,0.25,0.6,0.6,0.983742797380893,1.2,0.791666666666667,0.40234375,0.42376708984375,0.38995361328125,-0.0797925968601469,1,0.0896210064733362,34,ok
F2_H_m0.8000_X0.700,F2,H,0.8,2.33333333333333,0.7,0.7,3.5,1.5,5,5,0.25,0.25,0.6,0.6,0.983742797380893,1.2,0.791666666666667,0.40234375,0.42376708984375,0.3876953125,-0.0851217053147055,1,0.10740448846316,34,ok
F2_H_m1.0000_X0.700,F2,H,1,3,0.7,0.7,3.75,1.25,5,5,0.25,0.25,0.6,0.6,0.983742797380893,1.2,0.791666666666667,0.40234375,0.42376708984375,0.38568115234375,-0.0898746939363388,1,0.133929944503571,34,ok
F2_H_m1.2000_X0.700,F2,H,1.2,4,0.7,0.7,4,1,5,5,0.25,0.25,0.6,0.6,0.983742797380893,1.2,0.791666666666667,0.40234375,0.42376708984375,0.38531494140625,-0.0907388736857266,1,0.160086608789534,34,ok
F2_H_m1.4000_X0.700,F2,H,1.4,5.66666666666667,0.7,0.7,4.25,0.75,5,5,0.25,0.25,0.6,0.6,0.983742797380893,1.2,0.791666666666667,0.40234375,0.42376708984375,0.3812255859375,-0.100388880887225,1,0.185289771083956,34,ok
F2_H_m1.6364_X0.700,F2,H,1.63636363636364,10,0.7,0.7,4.54545454545455,0.454545454545454,5,5,0.25,0.25,0.6,0.6,0.983742797380893,1.2,0.791666666666667,0.40234375,0.42376708984375,0.37542724609375,-0.114071726919199,1,0.212045682588605,34,ok
F3_D_m0.0010_X0.050,F3,D,0.001,1.00100050025012,0.05,0.7,2.5,2.5,5.0025,4.9975,0.25,0.25,0.6,0.6,0.998868512813605,1.2,0.792746113989637,0.40625,0.4267578125,0.4249267578125,-0.00429061784897025,1,2.03843802926151e-06,34,ok
F3_D_m0.0020_X0.050,F3,D,0.002,1.002002002002,0.05,0.7,2.5,2.5,5.005,4.995,0.25,0.25,0.6,0.6,0.998868512813605,1.2,0.792746113989637,0.40625,0.4267578125,0.42462158203125,-0.00500572082379863,1,4.05720750351612e-06,34,ok
F3_D_m0.0050_X0.050,F3,D,0.005,1.00501253132832,0.05,0.7,2.5,2.5,5.0125,4.9875,0.25,0.25,0.6,0.6,0.998868512813605,1.2,0.792746113989637,0.40625,0.4267578125,0.424072265625,-0.0062929061784897,1,1.00949068744249e-05,34,ok
F3_D_m0.0100_X0.050,F3,D,0.01,1.01005025125628,0.05,0.7,2.5,2.5,5.025,4.975,0.25,0.25,0.6,0.6,0.998868512813605,1.2,0.792746113989637,0.40625,0.4267578125,0.4234619140625,-0.00772311212814645,1,2.01248338873583e-05,34,ok
F3_D_m0.0200_X0.050,F3,D,0.02,1.02020202020202,0.05,0.7,2.5,2.5,5.05,4.95,0.25,0.25,0.6,0.6,0.998868512813605,1.2,0.792746113989637,0.40625,0.4267578125,0.4227294921875,-0.00943935926773455,1,3.99763373271078e-05,34,ok
F3_D_m0.0300_X0.050,F3,D,0.03,1.03045685279188,0.05,0.7,2.5,2.5,5.075,4.925,0.25,0.25,0.6,0.6,0.998868512813605,1.2,0.792746113989637,0.40625,0.4267578125,0.422119140625,-0.0108695652173913,1,5.9741761202714e-05,34,ok
F3_D_m0.0500_X0.050,F3,D,0.05,1.05128205128205,0.05,0.7,2.5,2.5,5.125,4.875,0.25,0.25,0.6,0.6,0.998868512813605,1.2,0.792746113989637,0.40625,0.4267578125,0.42132568359375,-0.0127288329519451,1,9.91926806246379e-05,34,ok
F3_D_m0.0750_X0.050,F3,D,0.075,1.07792207792208,0.05,0.7,2.5,2.5,5.1875,4.8125,0.25,0.25,0.6,0.6,0.998868512813605,1.2,0.792746113989637,0.40625,0.4267578125,0.4205322265625,-0.0145881006864989,1,0.000148197066633937,34,ok
F3_D_m0.1000_X0.050,F3,D,0.1,1.10526315789474,0.05,0.7,2.5,2.5,5.25,4.75,0.25,0.25,0.6,0.6,0.998868512813605,1.2,0.792746113989637,0.40625,0.4267578125,0.41986083984375,-0.0161613272311213,1,0.00019692048205644,34,ok
F3_D_m0.1250_X0.050,F3,D,0.125,1.13333333333333,0.05,0.7,2.5,2.5,5.3125,4.6875,0.25,0.25,0.6,0.6,0.998868512813605,1.2,0.792746113989637,0.40625,0.4267578125,0.41937255859375,-0.0173054919908467,1,0.000245300746863686,34,ok
F3_D_m0.1500_X0.050,F3,D,0.15,1.16216216216216,0.05,0.7,2.5,2.5,5.375,4.625,0.25,0.25,0.6,0.6,0.998868512813605,1.2,0.792746113989637,0.40625,0.4267578125,0.41888427734375,-0.0184496567505721,1,0.000293575243195843,34,ok
F3_D_m0.2000_X0.050,F3,D,0.2,1.22222222222222,0.05,0.7,2.5,2.5,5.5,4.5,0.25,0.25,0.6,0.6,0.998868512813605,1.2,0.792746113989637,0.40625,0.4267578125,0.4180908203125,-0.0203089244851259,1,0.000389867588785453,34,ok
F3_D_m0.2500_X0.050,F3,D,0.25,1.28571428571429,0.05,0.7,2.5,2.5,5.625,4.375,0.25,0.25,0.6,0.6,0.998868512813605,1.2,0.792746113989637,0.40625,0.4267578125,0.41748046875,-0.0217391304347826,1,0.000485720691993929,34,ok
F3_D_m0.3000_X0.050,F3,D,0.3,1.35294117647059,0.05,0.7,2.5,2.5,5.75,4.25,0.25,0.25,0.6,0.6,0.998868512813605,1.2,0.792746113989637,0.40625,0.4267578125,0.4168701171875,-0.0231693363844394,1,0.000580925908999941,34,ok
F3_D_m0.3500_X0.050,F3,D,0.35,1.42424242424242,0.05,0.7,2.5,2.5,5.875,4.125,0.25,0.25,0.6,0.6,0.998868512813605,1.2,0.792746113989637,0.40625,0.4267578125,0.4163818359375,-0.0243135011441648,1,0.000676125183823872,34,ok
F3_D_m0.4000_X0.050,F3,D,0.4,1.5,0.05,0.7,2.5,2.5,6,4,0.25,0.25,0.6,0.6,0.998868512813605,1.2,0.792746113989637,0.40625,0.4267578125,0.4158935546875,-0.0254576659038902,1,0.000770626408371777,34,ok
F3_D_m0.5000_X0.050,F3,D,0.5,1.66666666666667,0.05,0.7,2.5,2.5,6.25,3.75,0.25,0.25,0.6,0.6,0.998868512813605,1.2,0.792746113989637,0.40625,0.4267578125,0.41497802734375,-0.0276029748283753,1,0.000958503966811852,34,ok
F3_D_m0.6000_X0.050,F3,D,0.6,1.85714285714286,0.05,0.7,2.5,2.5,6.5,3.5,0.25,0.25,0.6,0.6,0.998868512813605,1.2,0.792746113989637,0.40625,0.4267578125,0.4141845703125,-0.0294622425629291,1,0.00114532726464978,34,ok
F3_D_m0.6667_X0.050,F3,D,0.666666666666667,2,0.05,0.7,2.5,2.5,6.66666666666667,3.33333333333333,0.25,0.25,0.6,0.6,0.998868512813605,1.2,0.792746113989637,0.40625,0.4267578125,0.41363525390625,-0.0307494279176201,1,0.00126883142450596,34,ok
F3_D_m0.8000_X0.050,F3,D,0.8,2.33333333333333,0.05,0.7,2.5,2.5,7,3,0.25,0.25,0.6,0.6,0.998868512813605,1.2,0.792746113989637,0.40625,0.4267578125,0.41259765625,-0.0331807780320366,1,0.00151439417640087,34,ok
F3_D_m1.0000_X0.050,F3,D,1,3,0.05,0.7,2.5,2.5,7.5,2.5,0.25,0.25,0.6,0.6,0.998868512813605,1.2,0.792746113989637,0.40625,0.4267578125,0.4111328125,-0.0366132723112128,1,0.00187879023169391,34,ok
F3_D_m1.2000_X0.050,F3,D,1.2,4,0.05,0.7,2.5,2.5,8,2,0.25,0.25,0.6,0.6,0.998868512813605,1.2,0.792746113989637,0.40625,0.4267578125,0.4095458984375,-0.0403318077803204,1,0.00223739338257056,34,ok
F3_D_m1.4000_X0.050,F3,D,1.4,5.66666666666667,0.05,0.7,2.5,2.5,8.5,1.5,0.25,0.25,0.6,0.6,0.998868512813605,1.2,0.792746113989637,0.40625,0.4267578125,0.40802001953125,-0.0439073226544622,1,0.00259247555826581,34,ok
F3_D_m1.6364_X0.050,F3,D,1.63636363636364,10,0.05,0.7,2.5,2.5,9.09090909090909,0.909090909090909,0.25,0.25,0.6,0.6,0.998868512813605,1.2,0.792746113989637,0.40625,0.4267578125,0.4061279296875,-0.0483409610983982,1,0.00300577679257641,34,ok
F3_D_m0.0010_X0.200,F3,D,0.001,1.00100050025012,0.2,0.7,2.5,2.5,5.0025,4.9975,0.25,0.25,0.6,0.6,0.995448965609287,1.2,0.792477302204929,0.4052734375,0.42608642578125,0.4210205078125,-0.011889414124051,1,8.09935226420144e-06,34,ok
F3_D_m0.0020_X0.200,F3,D,0.002,1.002002002002,0.2,0.7,2.5,2.5,5.005,4.995,0.25,0.25,0.6,0.6,0.995448965609287,1.2,0.792477302204929,0.4052734375,0.42608642578125,0.42095947265625,-0.0120326600773528,1,1.61939336065231e-05,34,ok
F3_D_m0.0050_X0.200,F3,D,0.005,1.00501253132832,0.2,0.7,2.5,2.5,5.0125,4.9875,0.25,0.25,0.6,0.6,0.995448965609287,1.2,0.792477302204929,0.4052734375,0.42608642578125,0.42095947265625,-0.0120326600773528,1,4.04889665390762e-05,34,ok
F3_D_m0.0100_X0.200,F3,D,0.01,1.01005025125628,0.2,0.7,2.5,2.5,5.025,4.975,0.25,0.25,0.6,0.6,0.995448965609287,1.2,0.792477302204929,0.4052734375,0.42608642578125,0.4208984375,-0.0121759060306546,1,8.09481181935912e-05,34,ok
F3_D_m0.0200_X0.200,F3,D,0.02,1.02020202020202,0.2,0.7,2.5,2.5,5.05,4.95,0.25,0.25,0.6,0.6,0.995448965609287,1.2,0.792477302204929,0.4052734375,0.42608642578125,0.4207763671875,-0.0124623979372583,1,0.000161832535745088,34,ok
F3_D_m0.0300_X0.200,F3,D,0.03,1.03045685279188,0.2,0.7,2.5,2.5,5.075,4.925,0.25,0.25,0.6,0.6,0.995448965609287,1.2,0.792477302204929,0.4052734375,0.42608642578125,0.420654296875,-0.0127488898438619,1,0.00024264838873167,34,ok
F3_D_m0.0500_X0.200,F3,D,0.05,1.05128205128205,0.2,0.7,2.5,2.5,5.125,4.875,0.25,0.25,0.6,0.6,0.995448965609287,1.2,0.792477302204929,0.4052734375,0.42608642578125,0.42047119140625,-0.0131786277037674,1,0.000404164605749546,34,ok
F3_D_m0.0750_X0.200,F3,D,0.075,1.07792207792208,0.2,0.7,2.5,2.5,5.1875,4.8125,0.25,0.25,0.6,0.6,0.995448965609287,1.2,0.792477302204929,0.4052734375,0.42608642578125,0.4202880859375,-0.0136083655636728,1,0.000605843158692609,34,ok
F3_D_m0.1000_X0.200,F3,D,0.1,1.10526315789474,0.2,0.7,2.5,2.5,5.25,4.75,0.25,0.25,0.6,0.6,0.995448965609287,1.2,0.792477302204929,0.4052734375,0.42608642578125,0.4200439453125,-0.0141813493768801,1,0.00080713738502336,34,ok
F3_D_m0.1250_X0.200,F3,D,0.125,1.13333333333333,0.2,0.7,2.5,2.5,5.3125,4.6875,0.25,0.25,0.6,0.6,0.995448965609287,1.2,0.792477302204929,0.4052734375,0.42608642578125,0.41986083984375,-0.0146110872367856,1,0.00100827181507723,34,ok
F3_D_m0.1500_X0.200,F3,D,0.15,1.16216216216216,0.2,0.7,2.5,2.5,5.375,4.625,0.25,0.25,0.6,0.6,0.995448965609287,1.2,0.792477302204929,0.4052734375,0.42608642578125,0.41961669921875,-0.0151840710499928,1,0.00120852457244247,34,ok
F3_D_m0.2000_X0.200,F3,D,0.2,1.22222222222222,0.2,0.7,2.5,2.5,5.5,4.5,0.25,0.25,0.6,0.6,0.995448965609287,1.2,0.792477302204929,0.4052734375,0.42608642578125,0.419189453125,-0.0161867927231056,1,0.00160938447869929,34,ok
F3_D_m0.2500_X0.200,F3,D,0.25,1.28571428571429,0.2,0.7,2.5,2.5,5.625,4.375,0.25,0.25,0.6,0.6,0.995448965609287,1.2,0.792477302204929,0.4052734375,0.42608642578125,0.4188232421875,-0.0170462684429165,1,0.00200922177973828,34,ok
F3_D_m0.3000_X0.200,F3,D,0.3,1.35294117647059,0.2,0.7,2.5,2.5,5.75,4.25,0.25,0.25,0.6,0.6,0.995448965609287,1.2,0.792477302204929,0.4052734375,0.42608642578125,0.41839599609375,-0.0180489901160292,1,0.00240750915738164,34,ok
F3_D_m0.3500_X0.200,F3,D,0.35,1.42424242424242,0.2,0.7,2.5,2.5,5.875,4.125,0.25,0.25,0.6,0.6,0.995448965609287,1.2,0.792477302204929,0.4052734375,0.42608642578125,0.41802978515625,-0.0189084658358401,1,0.00280519497263354,34,ok
F3_D_m0.4000_X0.200,F3,D,0.4,1.5,0.2,0.7,2.5,2.5,6,4,0.25,0.25,0.6,0.6,0.995448965609287,1.2,0.792477302204929,0.4052734375,0.42608642578125,0.41766357421875,-0.0197679415556511,1,0.00320214096948934,34,ok
F3_D_m0.5000_X0.200,F3,D,0.5,1.66666666666667,0.2,0.7,2.5,2.5,6.25,3.75,0.25,0.25,0.6,0.6,0.995448965609287,1.2,0.792477302204929,0.4052734375,0.42608642578125,0.4168701171875,-0.0216301389485747,1,0.00399217187793544,34,ok
F3_D_m0.6000_X0.200,F3,D,0.6,1.85714285714286,0.2,0.7,2.5,2.5,6.5,3.5,0.25,0.25,0.6,0.6,0.995448965609287,1.2,0.792477302204929,0.4052734375,0.42608642578125,0.41607666015625,-0.0234923363414984,1,0.00477819373311283,34,ok
F3_D_m0.6667_X0.200,F3,D,0.666666666666667,2,0.2,0.7,2.5,2.5,6.66666666666667,3.33333333333333,0.25,0.25,0.6,0.6,0.995448965609287,1.2,0.792477302204929,0.4052734375,0.42608642578125,0.41552734375,-0.0247815499212147,1,0.00529914697284539,34,ok
F3_D_m0.8000_X0.200,F3,D,0.8,2.33333333333333,0.2,0.7,2.5,2.5,7,3,0.25,0.25,0.6,0.6,0.995448965609287,1.2,0.792477302204929,0.4052734375,0.42608642578125,0.4144287109375,-0.0273599770806475,1,0.0063372262445367,34,ok
F3_D_m1.0000_X0.200,F3,D,1,3,0.2,0.7,2.5,2.5,7.5,2.5,0.25,0.25,0.6,0.6,0.995448965609287,1.2,0.792477302204929,0.4052734375,0.42608642578125,0.41278076171875,-0.0312276178197966,1,0.00788040543710511,34,ok
F3_D_m1.2000_X0.200,F3,D,1.2,4,0.2,0.7,2.5,2.5,8,2,0.25,0.25,0.6,0.6,0.995448965609287,1.2,0.792477302204929,0.4052734375,0.42608642578125,0.4111328125,-0.0350952585589457,1,0.00940979131913933,34,ok
F3_D_m1.4000_X0.200,F3,D,1.4,5.66666666666667,0.2,0.7,2.5,2.5,8.5,1.5,0.25,0.25,0.6,0.6,0.995448965609287,1.2,0.792477302204929,0.4052734375,0.42608642578125,0.409423828125,-0.0391061452513966,1,0.0109227281087672,34,ok
F3_D_m1.6364_X0.200,F3,D,1.63636363636364,10,0.2,0.7,2.5,2.5,9.09090909090909,0.909090909090909,0.25,0.25,0.6,0.6,0.995448965609287,1.2,0.792477302204929,0.4052734375,0.42608642578125,0.40740966796875,-0.0438332617103567,1,0.012695409316845,34,ok
F3_D_m0.0010_X0.700,F3,D,0.001,1.00100050025012,0.7,0.7,2.5,2.5,5.0025,4.9975,0.25,0.25,0.6,0.6,0.983742797380893,1.2,0.791666666666667,0.40234375,0.42376708984375,0.39910888671875,-0.0581881031254501,1,2.88386416575914e-05,34,ok
F3_D_m0.0020_X0.700,F3,D,0.002,1.002002002002,0.7,0.7,2.5,2.5,5.005,4.995,0.25,0.25,0.6,0.6,0.983742797380893,1.2,0.791666666666667,0.40234375,0.42376708984375,0.39910888671875,-0.0581881031254501,1,5.76784779178219e-05,34,ok
F3_D_m0.0050_X0.700,F3,D,0.005,1.00501253132832,0.7,0.7,2.5,2.5,5.0125,4.9875,0.25,0.25,0.6,0.6,0.983742797380893,1.2,0.791666666666667,0.40234375,0.42376708984375,0.39910888671875,-0.0581881031254501,1,0.000144204091242939,34,ok
F3_D_m0.0100_X0.700,F3,D,0.01,1.01005025125628,0.7,0.7,2.5,2.5,5.025,4.975,0.25,0.25,0.6,0.6,0.983742797380893,1.2,0.791666666666667,0.40234375,0.42376708984375,0.39910888671875,-0.0581881031254501,1,0.000288432240905134,34,ok
F3_D_m0.0200_X0.700,F3,D,0.02,1.02020202020202,0.7,0.7,2.5,2.5,5.05,4.95,0.25,0.25,0.6,0.6,0.983742797380893,1.2,0.791666666666667,0.40234375,0.42376708984375,0.39910888671875,-0.0581881031254501,1,0.00057687831138864,34,ok
F3_D_m0.0300_X0.700,F3,D,0.03,1.03045685279188,0.7,0.7,2.5,2.5,5.075,4.925,0.25,0.25,0.6,0.6,0.983742797380893,1.2,0.791666666666667,0.40234375,0.42376708984375,0.399169921875,-0.0580440731672188,1,0.000865077778505974,34,ok
F3_D_m0.0500_X0.700,F3,D,0.05,1.05128205128205,0.7,0.7,2.5,2.5,5.125,4.875,0.25,0.25,0.6,0.6,0.983742797380893,1.2,0.791666666666667,0.40234375,0.42376708984375,0.399169921875,-0.0580440731672188,1,0.0014405959655075,34,ok
F3_D_m0.0750_X0.700,F3,D,0.075,1.07792207792208,0.7,0.7,2.5,2.5,5.1875,4.8125,0.25,0.25,0.6,0.6,0.983742797380893,1.2,0.791666666666667,0.40234375,0.42376708984375,0.399169921875,-0.0580440731672188,1,0.00216090811264236,34,ok
F3_D_m0.1000_X0.700,F3,D,0.1,1.10526315789474,0.7,0.7,2.5,2.5,5.25,4.75,0.25,0.25,0.6,0.6,0.983742797380893,1.2,0.791666666666667,0.40234375,0.42376708984375,0.399169921875,-0.0580440731672188,1,0.00288438500346566,34,ok
F3_D_m0.1250_X0.700,F3,D,0.125,1.13333333333333,0.7,0.7,2.5,2.5,5.3125,4.6875,0.25,0.25,0.6,0.6,0.983742797380893,1.2,0.791666666666667,0.40234375,0.42376708984375,0.399169921875,-0.0580440731672188,1,0.00360158610729844,34,ok
F3_D_m0.1500_X0.700,F3,D,0.15,1.16216216216216,0.7,0.7,2.5,2.5,5.375,4.625,0.25,0.25,0.6,0.6,0.983742797380893,1.2,0.791666666666667,0.40234375,0.42376708984375,0.399169921875,-0.0580440731672188,1,0.00432196185151112,34,ok
F3_D_m0.2000_X0.700,F3,D,0.2,1.22222222222222,0.7,0.7,2.5,2.5,5.5,4.5,0.25,0.25,0.6,0.6,0.983742797380893,1.2,0.791666666666667,0.40234375,0.42376708984375,0.399169921875,-0.0580440731672188,1,0.00576928160272883,34,ok
F3_D_m0.2500_X0.700,F3,D,0.25,1.28571428571429,0.7,0.7,2.5,2.5,5.625,4.375,0.25,0.25,0.6,0.6,0.983742797380893,1.2,0.791666666666667,0.40234375,0.42376708984375,0.399169921875,-0.0580440731672188,1,0.00720382041055911,34,ok
F3_D_m0.3000_X0.700,F3,D,0.3,1.35294117647059,0.7,0.7,2.5,2.5,5.75,4.25,0.25,0.25,0.6,0.6,0.983742797380893,1.2,0.791666666666667,0.40234375,0.42376708984375,0.39910888671875,-0.0581881031254501,1,0.00864516289580397,34,ok
F3_D_m0.3500_X0.700,F3,D,0.35,1.42424242424242,0.7,0.7,2.5,2.5,5.875,4.125,0.25,0.25,0.6,0.6,0.983742797380893,1.2,0.791666666666667,0.40234375,0.42376708984375,0.3990478515625,-0.0583321330836814,1,0.0100951816689678,34,ok
F3_D_m0.4000_X0.700,F3,D,0.4,1.5,0.7,0.7,2.5,2.5,6,4,0.25,0.25,0.6,0.6,0.983742797380893,1.2,0.791666666666667,0.40234375,0.42376708984375,0.3990478515625,-0.0583321330836814,1,0.0115285794103051,34,ok
F3_D_m0.5000_X0.700,F3,D,0.5,1.66666666666667,0.7,0.7,2.5,2.5,6.25,3.75,0.25,0.25,0.6,0.6,0.983742797380893,1.2,0.791666666666667,0.40234375,0.42376708984375,0.39886474609375,-0.0587642229583753,1,0.014428826262239,34,ok
F3_D_m0.6000_X0.700,F3,D,0.6,1.85714285714286,0.7,0.7,2.5,2.5,6.5,3.5,0.25,0.25,0.6,0.6,0.983742797380893,1.2,0.791666666666667,0.40234375,0.42376708984375,0.398681640625,-0.0591963128330693,1,0.0173008825843881,34,ok
F3_D_m0.6667_X0.700,F3,D,0.666666666666667,2,0.7,0.7,2.5,2.5,6.66666666666667,3.33333333333333,0.25,0.25,0.6,0.6,0.983742797380893,1.2,0.791666666666667,0.40234375,0.42376708984375,0.3985595703125,-0.0594843727495319,1,0.0192267851420656,34,ok
F3_D_m0.8000_X0.700,F3,D,0.8,2.33333333333333,0.7,0.7,2.5,2.5,7,3,0.25,0.25,0.6,0.6,0.983742797380893,1.2,0.791666666666667,0.40234375,0.42376708984375,0.398193359375,-0.0603485524989198,1,0.0230889297371195,34,ok
F3_D_m1.0000_X0.700,F3,D,1,3,0.7,0.7,2.5,2.5,7.5,2.5,0.25,0.25,0.6,0.6,0.983742797380893,1.2,0.791666666666667,0.40234375,0.42376708984375,0.3974609375,-0.0620769119976955,1,0.0288962115528701,34,ok
F3_D_m1.2000_X0.700,F3,D,1.2,4,0.7,0.7,2.5,2.5,8,2,0.25,0.25,0.6,0.6,0.983742797380893,1.2,0.791666666666667,0.40234375,0.42376708984375,0.39666748046875,-0.0639493014547026,1,0.0346857363627309,34,ok
F3_D_m1.4000_X0.700,F3,D,1.4,5.66666666666667,0.7,0.7,2.5,2.5,8.5,1.5,0.25,0.25,0.6,0.6,0.983742797380893,1.2,0.791666666666667,0.40234375,0.42376708984375,0.3956298828125,-0.0663978107446349,1,0.0405151854140113,34,ok
F3_D_m1.6364_X0.700,F3,D,1.63636363636364,10,0.7,0.7,2.5,2.5,9.09090909090909,0.909090909090909,0.25,0.25,0.6,0.6,0.983742797380893,1.2,0.791666666666667,0.40234375,0.42376708984375,0.39434814453125,-0.0694224398674924,1,0.0474219348014111,34,ok
F4_I_m0.0010_X0.050,F4,Imax,0.001,1.00100050025012,0.05,0.7,2.5,2.5,5,5,0.25,0.25,0.6003,0.5997,0.998868512813605,1.2,0.792746113989637,0.40625,0.4267578125,0.4229736328125,-0.00886727688787185,1,6.10703199499518e-06,34,ok
F4_I_m0.0020_X0.050,F4,Imax,0.002,1.002002002002,0.05,0.7,2.5,2.5,5,5,0.25,0.25,0.6006,0.5994,0.998868512813605,1.2,0.792746113989637,0.40625,0.4267578125,0.42193603515625,-0.0112986270022883,1,1.23600232522225e-05,34,ok
F4_I_m0.0050_X0.050,F4,Imax,0.005,1.00501253132832,0.05,0.7,2.5,2.5,5,5,0.25,0.25,0.6015,0.5985,0.998868512813605,1.2,0.792746113989637,0.40625,0.4267578125,0.41998291015625,-0.0158752860411899,1,3.14905403488996e-05,34,ok
F4_I_m0.0100_X0.050,F4,Imax,0.01,1.01005025125628,0.05,0.7,2.5,2.5,5,5,0.25,0.25,0.603,0.597,0.998868512813605,1.2,0.792746113989637,0.40625,0.4267578125,0.4178466796875,-0.0208810068649886,1,6.23993994823824e-05,34,ok
F4_I_m0.0200_X0.050,F4,Imax,0.02,1.02020202020202,0.05,0.7,2.5,2.5,5,5,0.25,0.25,0.606,0.594,0.998868512813605,1.2,0.792746113989637,0.40625,0.4267578125,0.41497802734375,-0.0276029748283753,1,0.000119576568180957,34,ok
F4_I_m0.0300_X0.050,F4,Imax,0.03,1.03045685279188,0.05,0.7,2.5,2.5,5,5,0.25,0.25,0.609,0.591,0.998868512813605,1.2,0.792746113989637,0.40625,0.4267578125,0.412841796875,-0.0326086956521739,1,0.000175212902710165,34,ok
F4_I_m0.0500_X0.050,F4,Imax,0.05,1.05128205128205,0.05,0.7,2.5,2.5,5,5,0.25,0.25,0.615,0.585,0.998868512813605,1.2,0.792746113989637,0.40625,0.4267578125,0.409423828125,-0.0406178489702517,1,0.000252495866899682,34,ok
F4_I_m0.0750_X0.050,F4,Imax,0.075,1.07792207792208,0.05,0.7,2.5,2.5,5,5,0.25,0.25,0.6225,0.5775,0.998868512813605,1.2,0.792746113989637,0.40625,0.4267578125,0.406005859375,-0.0486270022883295,1,0.000336734030726982,34,ok
F4_I_m0.1000_X0.050,F4,Imax,0.1,1.10526315789474,0.05,0.7,2.5,2.5,5,5,0.25,0.25,0.63,0.57,0.998868512813605,1.2,0.792746113989637,0.40625,0.4267578125,0.4029541015625,-0.0557780320366133,1,0.000436402710462636,34,ok
F4_I_m0.1250_X0.050,F4,Imax,0.125,1.13333333333333,0.05,0.7,2.5,2.5,5,5,0.25,0.25,0.6375,0.5625,0.998868512813605,1.2,0.792746113989637,0.40625,0.4267578125,0.4000244140625,-0.0626430205949657,1,0.000506137854159983,34,ok
F4_I_m0.1500_X0.050,F4,Imax,0.15,1.16216216216216,0.05,0.7,2.5,2.5,5,5,0.25,0.25,0.645,0.555,0.998868512813605,1.2,0.792746113989637,0.40625,0.4267578125,0.397216796875,-0.0692219679633867,1,0.000574149618407072,34,ok
F4_I_m0.2000_X0.050,F4,Imax,0.2,1.22222222222222,0.05,0.7,2.5,2.5,5,5,0.25,0.25,0.66,0.54,0.998868512813605,1.2,0.792746113989637,0.40625,0.4267578125,0.3917236328125,-0.0820938215102975,1,0.000843561691598604,34,ok
F4_I_m0.2500_X0.050,F4,Imax,0.25,1.28571428571429,0.05,0.7,2.5,2.5,5,5,0.25,0.25,0.675,0.525,0.998868512813605,1.2,0.792746113989637,0.40625,0.4267578125,0.38641357421875,-0.0945366132723112,1,0.00113687848874411,34,ok
F4_I_m0.3000_X0.050,F4,Imax,0.3,1.35294117647059,0.05,0.7,2.5,2.5,5,5,0.25,0.25,0.69,0.51,0.998868512813605,1.2,0.792746113989637,0.40625,0.4267578125,0.3690185546875,-0.135297482837529,1,0.00145721790096887,34,ok
F4_I_m0.3500_X0.050,F4,Imax,0.35,1.42424242424242,0.05,0.7,2.5,2.5,5,5,0.25,0.25,0.705,0.495,0.998868512813605,1.2,0.792746113989637,0.40625,0.4267578125,0.36090087890625,-0.154319221967963,1,0.00180336112385415,34,ok
F4_I_m0.4000_X0.050,F4,Imax,0.4,1.5,0.05,0.7,2.5,2.5,5,5,0.25,0.25,0.72,0.48,0.998868512813605,1.2,0.792746113989637,0.40625,0.4267578125,0.353271484375,-0.172196796338673,1,0.00218794509323295,34,ok
F4_I_m0.5000_X0.050,F4,Imax,0.5,1.66666666666667,0.05,0.7,2.5,2.5,5,5,0.25,0.25,0.75,0.45,0.998868512813605,1.2,0.792746113989637,0.40625,0.4267578125,0.32220458984375,-0.244994279176201,1,0.00273726592631784,34,ok
F4_I_m0.6000_X0.050,F4,Imax,0.6,1.85714285714286,0.05,0.7,2.5,2.5,5,5,0.25,0.25,0.78,0.42,0.998868512813605,1.2,0.792746113989637,0.40625,0.4267578125,0.3004150390625,-0.296052631578947,1,0.00267503374991329,34,ok
F4_I_m0.6667_X0.050,F4,Imax,0.666666666666667,2,0.05,0.7,2.5,2.5,5,5,0.25,0.25,0.8,0.4,0.998868512813605,1.2,0.792746113989637,0.40625,0.4267578125,0.2841796875,-0.334096109839817,1,0.00320984571459426,34,ok
F4_I_m0.8000_X0.050,F4,Imax,0.8,2.33333333333333,0.05,0.7,2.5,2.5,5,5,0.25,0.25,0.84,0.36,0.998868512813605,1.2,0.792746113989637,0.40625,0.4267578125,0.2479248046875,-0.419050343249428,1,0.00455187087700304,34,ok
F4_I_m1.0000_X0.050,F4,Imax,1,3,0.05,0.7,2.5,2.5,5,5,0.25,0.25,0.9,0.3,0.998868512813605,1.2,0.792746113989637,0.40625,0.4267578125,0.17095947265625,-0.599399313501144,1,0.00476521362742682,34,ok
F4_I_m1.2000_X0.050,F4,Imax,1.2,4,0.05,0.7,2.5,2.5,5,5,0.25,0.25,0.96,0.24,NaN,NaN,NaN,NaN,NaN,NaN,NaN,0,NaN,0,no pre-fault operating point found for the two converters
F4_I_m1.4000_X0.050,F4,Imax,1.4,5.66666666666667,0.05,0.7,2.5,2.5,5,5,0.25,0.25,1.02,0.18,NaN,NaN,NaN,NaN,NaN,NaN,NaN,0,NaN,0,no pre-fault operating point found for the two converters
F4_I_m1.6364_X0.050,F4,Imax,1.63636363636364,10,0.05,0.7,2.5,2.5,5,5,0.25,0.25,1.09090909090909,0.109090909090909,NaN,NaN,NaN,NaN,NaN,NaN,NaN,0,NaN,0,no pre-fault operating point found for the two converters
F4_I_m0.0010_X0.200,F4,Imax,0.001,1.00100050025012,0.2,0.7,2.5,2.5,5,5,0.25,0.25,0.6003,0.5997,0.995448965609287,1.2,0.792477302204929,0.4052734375,0.42608642578125,0.42083740234375,-0.0123191519839565,1,2.80597527930748e-05,34,ok
F4_I_m0.0020_X0.200,F4,Imax,0.002,1.002002002002,0.2,0.7,2.5,2.5,5,5,0.25,0.25,0.6006,0.5994,0.995448965609287,1.2,0.792477302204929,0.4052734375,0.42608642578125,0.420654296875,-0.0127488898438619,1,5.61227796940234e-05,34,ok
F4_I_m0.0050_X0.200,F4,Imax,0.005,1.00501253132832,0.2,0.7,2.5,2.5,5,5,0.25,0.25,0.6015,0.5985,0.995448965609287,1.2,0.792477302204929,0.4052734375,0.42608642578125,0.42022705078125,-0.0137516115169746,1,0.000140454974874693,34,ok
F4_I_m0.0100_X0.200,F4,Imax,0.01,1.01005025125628,0.2,0.7,2.5,2.5,5,5,0.25,0.25,0.603,0.597,0.995448965609287,1.2,0.792477302204929,0.4052734375,0.42608642578125,0.41949462890625,-0.0154705629565965,1,0.000280428515044839,34,ok
F4_I_m0.0200_X0.200,F4,Imax,0.02,1.02020202020202,0.2,0.7,2.5,2.5,5,5,0.25,0.25,0.606,0.594,0.995448965609287,1.2,0.792477302204929,0.4052734375,0.42608642578125,0.4180908203125,-0.0187652198825383,1,0.0005583388610233,34,ok
F4_I_m0.0300_X0.200,F4,Imax,0.03,1.03045685279188,0.2,0.7,2.5,2.5,5,5,0.25,0.25,0.609,0.591,0.995448965609287,1.2,0.792477302204929,0.4052734375,0.42608642578125,0.416748046875,-0.0219166308551783,1,0.00083128112417219,34,ok
F4_I_m0.0500_X0.200,F4,Imax,0.05,1.05128205128205,0.2,0.7,2.5,2.5,5,5,0.25,0.25,0.615,0.585,0.995448965609287,1.2,0.792477302204929,0.4052734375,0.42608642578125,0.41424560546875,-0.0277897149405529,1,0.00135521535974092,34,ok
F4_I_m0.0750_X0.200,F4,Imax,0.075,1.07792207792208,0.2,0.7,2.5,2.5,5,5,0.25,0.25,0.6225,0.5775,0.995448965609287,1.2,0.792477302204929,0.4052734375,0.42608642578125,0.4111328125,-0.0350952585589457,1,0.00196425896001617,34,ok
F4_I_m0.1000_X0.200,F4,Imax,0.1,1.10526315789474,0.2,0.7,2.5,2.5,5,5,0.25,0.25,0.63,0.57,0.995448965609287,1.2,0.792477302204929,0.4052734375,0.42608642578125,0.40802001953125,-0.0424008021773385,1,0.00251941377593701,34,ok
F4_I_m0.1250_X0.200,F4,Imax,0.125,1.13333333333333,0.2,0.7,2.5,2.5,5,5,0.25,0.25,0.6375,0.5625,0.995448965609287,1.2,0.792477302204929,0.4052734375,0.42608642578125,0.40496826171875,-0.0495630998424295,1,0.00300230815841696,34,ok
F4_I_m0.1500_X0.200,F4,Imax,0.15,1.16216216216216,0.2,0.7,2.5,2.5,5,5,0.25,0.25,0.645,0.555,0.995448965609287,1.2,0.792477302204929,0.4052734375,0.42608642578125,0.40185546875,-0.0568686434608222,1,0.00336220557355782,34,ok
F4_I_m0.2000_X0.200,F4,Imax,0.2,1.22222222222222,0.2,0.7,2.5,2.5,5,5,0.25,0.25,0.66,0.54,0.995448965609287,1.2,0.792477302204929,0.4052734375,0.42608642578125,0.39556884765625,-0.0716229766509096,1,0.004342660003676,34,ok
F4_I_m0.2500_X0.200,F4,Imax,0.25,1.28571428571429,0.2,0.7,2.5,2.5,5,5,0.25,0.25,0.675,0.525,0.995448965609287,1.2,0.792477302204929,0.4052734375,0.42608642578125,0.38934326171875,-0.0862340638876952,1,0.00552549186028428,34,ok
F4_I_m0.3000_X0.200,F4,Imax,0.3,1.35294117647059,0.2,0.7,2.5,2.5,5,5,0.25,0.25,0.69,0.51,0.995448965609287,1.2,0.792477302204929,0.4052734375,0.42608642578125,0.3829345703125,-0.101274888984386,1,0.0067218869551835,34,ok
F4_I_m0.3500_X0.200,F4,Imax,0.35,1.42424242424242,0.2,0.7,2.5,2.5,5,5,0.25,0.25,0.705,0.495,0.995448965609287,1.2,0.792477302204929,0.4052734375,0.42608642578125,0.36114501953125,-0.152413694313136,1,0.00727636307631796,34,ok
F4_I_m0.4000_X0.200,F4,Imax,0.4,1.5,0.2,0.7,2.5,2.5,5,5,0.25,0.25,0.72,0.48,0.995448965609287,1.2,0.792477302204929,0.4052734375,0.42608642578125,0.34814453125,-0.182925082366423,1,0.00772903845494777,34,ok
F4_I_m0.5000_X0.200,F4,Imax,0.5,1.66666666666667,0.2,0.7,2.5,2.5,5,5,0.25,0.25,0.75,0.45,0.995448965609287,1.2,0.792477302204929,0.4052734375,0.42608642578125,0.3306884765625,-0.223893425010743,1,0.00834299493197754,34,ok
F4_I_m0.6000_X0.200,F4,Imax,0.6,1.85714285714286,0.2,0.7,2.5,2.5,5,5,0.25,0.25,0.78,0.42,0.995448965609287,1.2,0.792477302204929,0.4052734375,0.42608642578125,0.31353759765625,-0.264145537888555,1,0.00832746289852748,34,ok
F4_I_m0.6667_X0.200,F4,Imax,0.666666666666667,2,0.2,0.7,2.5,2.5,5,5,0.25,0.25,0.8,0.4,0.995448965609287,1.2,0.792477302204929,0.4052734375,0.42608642578125,0.29449462890625,-0.308838275318722,1,0.00815321327877472,34,ok
F4_I_m0.8000_X0.200,F4,Imax,0.8,2.33333333333333,0.2,0.7,2.5,2.5,5,5,0.25,0.25,0.84,0.36,0.995448965609287,1.2,0.792477302204929,0.4052734375,0.42608642578125,0.25677490234375,-0.397364274459247,1,0.0117109298446778,34,ok
F4_I_m1.0000_X0.200,F4,Imax,1,3,0.2,0.7,2.5,2.5,5,5,0.25,0.25,0.9,0.3,0.995448965609287,1.2,0.792477302204929,0.4052734375,0.42608642578125,0.17864990234375,-0.580719094685575,1,0.0192045715810761,34,ok
F4_I_m1.2000_X0.200,F4,Imax,1.2,4,0.2,0.7,2.5,2.5,5,5,0.25,0.25,0.96,0.24,NaN,NaN,NaN,NaN,NaN,NaN,NaN,0,NaN,0,no pre-fault operating point found for the two converters
F4_I_m1.4000_X0.200,F4,Imax,1.4,5.66666666666667,0.2,0.7,2.5,2.5,5,5,0.25,0.25,1.02,0.18,NaN,NaN,NaN,NaN,NaN,NaN,NaN,0,NaN,0,no pre-fault operating point found for the two converters
F4_I_m1.6364_X0.200,F4,Imax,1.63636363636364,10,0.2,0.7,2.5,2.5,5,5,0.25,0.25,1.09090909090909,0.109090909090909,NaN,NaN,NaN,NaN,NaN,NaN,NaN,0,NaN,0,no pre-fault operating point found for the two converters
F4_I_m0.0010_X0.700,F4,Imax,0.001,1.00100050025012,0.7,0.7,2.5,2.5,5,5,0.25,0.25,0.6003,0.5997,0.983742797380893,1.2,0.791666666666667,0.40234375,0.42376708984375,0.39910888671875,-0.0581881031254501,1,0,34,ok
F4_I_m0.0020_X0.700,F4,Imax,0.002,1.002002002002,0.7,0.7,2.5,2.5,5,5,0.25,0.25,0.6006,0.5994,0.983742797380893,1.2,0.791666666666667,0.40234375,0.42376708984375,0.399169921875,-0.0580440731672188,1,0,34,ok
F4_I_m0.0050_X0.700,F4,Imax,0.005,1.00501253132832,0.7,0.7,2.5,2.5,5,5,0.25,0.25,0.6015,0.5985,0.983742797380893,1.2,0.791666666666667,0.40234375,0.42376708984375,0.399169921875,-0.0580440731672188,1,0,34,ok
F4_I_m0.0100_X0.700,F4,Imax,0.01,1.01005025125628,0.7,0.7,2.5,2.5,5,5,0.25,0.25,0.603,0.597,0.983742797380893,1.2,0.791666666666667,0.40234375,0.42376708984375,0.399169921875,-0.0580440731672188,1,0,34,ok
F4_I_m0.0200_X0.700,F4,Imax,0.02,1.02020202020202,0.7,0.7,2.5,2.5,5,5,0.25,0.25,0.606,0.594,0.983742797380893,1.2,0.791666666666667,0.40234375,0.42376708984375,0.399169921875,-0.0580440731672188,1,0,34,ok
F4_I_m0.0300_X0.700,F4,Imax,0.03,1.03045685279188,0.7,0.7,2.5,2.5,5,5,0.25,0.25,0.609,0.591,0.983742797380893,1.2,0.791666666666667,0.40234375,0.42376708984375,0.39910888671875,-0.0581881031254501,1,0,34,ok
F4_I_m0.0500_X0.700,F4,Imax,0.05,1.05128205128205,0.7,0.7,2.5,2.5,5,5,0.25,0.25,0.615,0.585,0.983742797380893,1.2,0.791666666666667,0.40234375,0.42376708984375,0.39874267578125,-0.059052282874838,1,0,34,ok
F4_I_m0.0750_X0.700,F4,Imax,0.075,1.07792207792208,0.7,0.7,2.5,2.5,5,5,0.25,0.25,0.6225,0.5775,0.983742797380893,1.2,0.791666666666667,0.40234375,0.42376708984375,0.3980712890625,-0.0606366124153824,1,0,34,ok
F4_I_m0.1000_X0.700,F4,Imax,0.1,1.10526315789474,0.7,0.7,2.5,2.5,5,5,0.25,0.25,0.63,0.57,0.983742797380893,1.2,0.791666666666667,0.40234375,0.42376708984375,0.39715576171875,-0.0627970617888521,1,0,34,ok
F4_I_m0.1250_X0.700,F4,Imax,0.125,1.13333333333333,0.7,0.7,2.5,2.5,5,5,0.25,0.25,0.6375,0.5625,0.983742797380893,1.2,0.791666666666667,0.40234375,0.42376708984375,0.39605712890625,-0.0653896010370157,1,9.92353055284667e-08,34,ok
F4_I_m0.1500_X0.700,F4,Imax,0.15,1.16216216216216,0.7,0.7,2.5,2.5,5,5,0.25,0.25,0.645,0.555,0.983742797380893,1.2,0.791666666666667,0.40234375,0.42376708984375,0.39471435546875,-0.0685582601181046,1,1.14469044305565e-05,34,ok
F4_I_m0.2000_X0.700,F4,Imax,0.2,1.22222222222222,0.7,0.7,2.5,2.5,5,5,0.25,0.25,0.66,0.54,0.983742797380893,1.2,0.791666666666667,0.40234375,0.42376708984375,0.39154052734375,-0.0760478179461328,1,0.000206611652484368,34,ok
F4_I_m0.2500_X0.700,F4,Imax,0.25,1.28571428571429,0.7,0.7,2.5,2.5,5,5,0.25,0.25,0.675,0.525,0.983742797380893,1.2,0.791666666666667,0.40234375,0.42376708984375,0.38775634765625,-0.0849776753564741,1,0.000854942618043752,34,ok
F4_I_m0.3000_X0.700,F4,Imax,0.3,1.35294117647059,0.7,0.7,2.5,2.5,5,5,0.25,0.25,0.69,0.51,0.983742797380893,1.2,0.791666666666667,0.40234375,0.42376708984375,0.38336181640625,-0.0953478323491286,1,0.00219563074935469,34,ok
F4_I_m0.3500_X0.700,F4,Imax,0.35,1.42424242424242,0.7,0.7,2.5,2.5,5,5,0.25,0.25,0.705,0.495,0.983742797380893,1.2,0.791666666666667,0.40234375,0.42376708984375,0.37835693359375,-0.107158288924096,1,0.00440802155020559,34,ok
F4_I_m0.4000_X0.700,F4,Imax,0.4,1.5,0.7,0.7,2.5,2.5,5,5,0.25,0.25,0.72,0.48,0.983742797380893,1.2,0.791666666666667,0.40234375,0.42376708984375,0.35479736328125,-0.162753852801383,1,0.00590692720922359,34,ok
F4_I_m0.5000_X0.700,F4,Imax,0.5,1.66666666666667,0.7,0.7,2.5,2.5,5,5,0.25,0.25,0.75,0.45,0.983742797380893,1.2,0.791666666666667,0.40234375,0.42376708984375,0.33892822265625,-0.200201641941524,1,0.0112070358715115,34,ok
F4_I_m0.6000_X0.700,F4,Imax,0.6,1.85714285714286,0.7,0.7,2.5,2.5,5,5,0.25,0.25,0.78,0.42,0.983742797380893,1.2,0.791666666666667,0.40234375,0.42376708984375,0.32110595703125,-0.242258389745067,1,0.017240253411942,34,ok
F4_I_m0.6667_X0.700,F4,Imax,0.666666666666667,2,0.7,0.7,2.5,2.5,5,5,0.25,0.25,0.8,0.4,0.983742797380893,1.2,0.791666666666667,0.40234375,0.42376708984375,0.30364990234375,-0.283450957799222,1,0.0214079193989098,34,ok
F4_I_m0.8000_X0.700,F4,Imax,0.8,2.33333333333333,0.7,0.7,2.5,2.5,5,5,0.25,0.25,0.84,0.36,0.983742797380893,1.2,0.791666666666667,0.40234375,0.42376708984375,0.261474609375,-0.382975658937059,1,0.028868000411583,34,ok
F4_I_m1.0000_X0.700,F4,Imax,1,3,0.7,0.7,2.5,2.5,5,5,0.25,0.25,0.9,0.3,0.983742797380893,1.2,0.791666666666667,0.40234375,0.42376708984375,0.15216064453125,-0.640933314129339,1,0.0216896071012282,34,ok
F4_I_m1.2000_X0.700,F4,Imax,1.2,4,0.7,0.7,2.5,2.5,5,5,0.25,0.25,0.96,0.24,NaN,NaN,NaN,NaN,NaN,NaN,NaN,0,NaN,0,no pre-fault operating point found for the two converters
F4_I_m1.4000_X0.700,F4,Imax,1.4,5.66666666666667,0.7,0.7,2.5,2.5,5,5,0.25,0.25,1.02,0.18,NaN,NaN,NaN,NaN,NaN,NaN,NaN,0,NaN,0,no pre-fault operating point found for the two converters
F4_I_m1.6364_X0.700,F4,Imax,1.63636363636364,10,0.7,0.7,2.5,2.5,5,5,0.25,0.25,1.09090909090909,0.109090909090909,NaN,NaN,NaN,NaN,NaN,NaN,NaN,0,NaN,0,no pre-fault operating point found for the two converters
F5_P_m0.0010_X0.050,F5,Pref,0.001,1.00100050025012,0.05,0.7,2.5,2.5,5,5,0.250125,0.249875,0.6,0.6,0.998868512808785,1.2,0.792746113989637,0.40625,0.4267578125,0.42333984375,-0.0080091533180778,1,2.82634667586601e-06,34,ok
F5_P_m0.0020_X0.050,F5,Pref,0.002,1.002002002002,0.05,0.7,2.5,2.5,5,5,0.25025,0.24975,0.6,0.6,0.998868512794326,1.2,0.792746113989637,0.40625,0.4267578125,0.4224853515625,-0.0100114416475973,1,5.61660381576123e-06,34,ok
F5_P_m0.0050_X0.050,F5,Pref,0.005,1.00501253132832,0.05,0.7,2.5,2.5,5,5,0.250625,0.249375,0.6,0.6,0.998868512693115,1.2,0.792746113989637,0.40625,0.4267578125,0.4207763671875,-0.0140160183066362,1,1.38774913956419e-05,34,ok
F5_P_m0.0100_X0.050,F5,Pref,0.01,1.01005025125628,0.05,0.7,2.5,2.5,5,5,0.25125,0.24875,0.6,0.6,0.998868512331646,1.2,0.792746113989637,0.40625,0.4267578125,0.41888427734375,-0.0184496567505721,1,2.75297081155923e-05,34,ok
F5_P_m0.0200_X0.050,F5,Pref,0.02,1.02020202020202,0.05,0.7,2.5,2.5,5,5,0.2525,0.2475,0.6,0.6,0.99886851088577,1.2,0.792746113989637,0.40625,0.4267578125,0.4163818359375,-0.0243135011441648,1,5.39793859991589e-05,34,ok
F5_P_m0.0300_X0.050,F5,Pref,0.03,1.03045685279188,0.05,0.7,2.5,2.5,5,5,0.25375,0.24625,0.6,0.6,0.998868508475975,1.2,0.792746113989637,0.40625,0.4267578125,0.4144287109375,-0.0288901601830664,1,8.00283873882979e-05,34,ok
F5_P_m0.0500_X0.050,F5,Pref,0.05,1.05128205128205,0.05,0.7,2.5,2.5,5,5,0.25625,0.24375,0.6,0.6,0.998868500764634,1.2,0.792746113989637,0.40625,0.4267578125,0.41143798828125,-0.0358981693363844,1,0.000130330865558248,34,ok
F5_P_m0.0750_X0.050,F5,Pref,0.075,1.07792207792208,0.05,0.7,2.5,2.5,5,5,0.259375,0.240625,0.6,0.6,0.99886848570342,1.2,0.792746113989637,0.40625,0.4267578125,0.40850830078125,-0.0427631578947368,1,0.000190910997999616,34,ok
F5_P_m0.1000_X0.050,F5,Pref,0.1,1.10526315789474,0.05,0.7,2.5,2.5,5,5,0.2625,0.2375,0.6,0.6,0.998868464617719,1.2,0.792746113989637,0.40625,0.4267578125,0.40594482421875,-0.0487700228832952,1,0.000249295341878397,34,ok
F5_P_m0.1250_X0.050,F5,Pref,0.125,1.13333333333333,0.05,0.7,2.5,2.5,5,5,0.265625,0.234375,0.6,0.6,0.998868437507528,1.2,0.792746113989637,0.40625,0.4267578125,0.4036865234375,-0.0540617848970252,1,0.000306281098562067,34,ok
F5_P_m0.1500_X0.050,F5,Pref,0.15,1.16216216216216,0.05,0.7,2.5,2.5,5,5,0.26875,0.23125,0.6,0.6,0.998868404372845,1.2,0.792746113989637,0.40625,0.4267578125,0.40155029296875,-0.0590675057208238,1,0.000361083502048665,34,ok
F5_P_m0.2000_X0.050,F5,Pref,0.2,1.22222222222222,0.05,0.7,2.5,2.5,5,5,0.275,0.225,0.6,0.6,0.998868320029991,1.2,0.792746113989637,0.40625,0.4267578125,0.3975830078125,-0.0683638443935927,1,0.000468087516969751,34,ok
F5_P_m0.2500_X0.050,F5,Pref,0.25,1.28571428571429,0.05,0.7,2.5,2.5,5,5,0.28125,0.21875,0.6,0.6,0.998868211589126,1.2,0.792746113989637,0.40625,0.4267578125,0.39385986328125,-0.0770881006864989,1,0.000573322046135916,34,ok
F5_P_m0.3000_X0.050,F5,Pref,0.3,1.35294117647059,0.05,0.7,2.5,2.5,5,5,0.2875,0.2125,0.6,0.6,0.998868079050211,1.2,0.792746113989637,0.40625,0.4267578125,0.3902587890625,-0.0855263157894737,1,0.000677618290246651,34,ok
F5_P_m0.3500_X0.050,F5,Pref,0.35,1.42424242424242,0.05,0.7,2.5,2.5,5,5,0.29375,0.20625,0.6,0.6,0.998867922413198,1.2,0.792746113989637,0.40625,0.4267578125,0.38677978515625,-0.0936784897025172,1,0.000782455480200617,34,ok
F5_P_m0.4000_X0.050,F5,Pref,0.4,1.5,0.05,0.7,2.5,2.5,5,5,0.3,0.2,0.6,0.6,0.998867741678029,1.2,0.792746113989637,0.40625,0.4267578125,0.38330078125,-0.101830663615561,1,0.000886959000739207,34,ok
F5_P_m0.5000_X0.050,F5,Pref,0.5,1.66666666666667,0.05,0.7,2.5,2.5,5,5,0.3125,0.1875,0.6,0.6,0.998867307912954,1.2,0.792746113989637,0.40625,0.4267578125,0.37652587890625,-0.117705949656751,1,0.00109963155096249,34,ok
F5_P_m0.6000_X0.050,F5,Pref,0.6,1.85714285714286,0.05,0.7,2.5,2.5,5,5,0.325,0.175,0.6,0.6,0.998866777754355,1.2,0.792746113989637,0.40625,0.4267578125,0.3697509765625,-0.133581235697941,1,0.00129420293797511,34,ok
F5_P_m0.6667_X0.050,F5,Pref,0.666666666666667,2,0.05,0.7,2.5,2.5,5,5,0.333333333333333,0.166666666666667,0.6,0.6,0.998866370762957,1.2,0.792746113989637,0.40625,0.4267578125,0.35430908203125,-0.169765446224256,1,0.00120904818019218,34,ok
F5_P_m0.8000_X0.050,F5,Pref,0.8,2.33333333333333,0.05,0.7,2.5,2.5,5,5,0.35,0.15,0.6,0.6,0.998865428253363,1.2,0.792746113989637,0.40625,0.4267578125,0.3389892578125,-0.205663615560641,1,0.00118929081997932,34,ok
F5_P_m1.0000_X0.050,F5,Pref,1,3,0.05,0.7,2.5,2.5,5,5,0.375,0.125,0.6,0.6,0.998863693167205,1.2,0.792746113989637,0.40625,0.4267578125,0.3154296875,-0.260869565217391,1,0.00115578621633478,34,ok
F5_P_m1.2000_X0.050,F5,Pref,1.2,4,0.05,0.7,2.5,2.5,5,5,0.4,0.1,0.6,0.6,0.998861572485789,1.2,0.792746113989637,0.40625,0.4267578125,0.285888671875,-0.330091533180778,1,0.00156111006467974,34,ok
F5_P_m1.4000_X0.050,F5,Pref,1.4,5.66666666666667,0.05,0.7,2.5,2.5,5,5,0.425,0.075,0.6,0.6,0.998859066196781,1.2,0.792746113989637,0.40625,0.42669677734375,0.2646484375,-0.379773995136604,1,0.00197601417277476,34,ok
F5_P_m1.6364_X0.050,F5,Pref,1.63636363636364,10,0.05,0.7,2.5,2.5,5,5,0.454545454545455,0.0454545454545454,0.6,0.6,0.998855607051811,1.2,0.792746113989637,0.40625,0.42669677734375,0.2349853515625,-0.449291946788728,1,0.00230544359339363,34,ok
F5_P_m0.0010_X0.200,F5,Pref,0.001,1.00100050025012,0.2,0.7,2.5,2.5,5,5,0.250125,0.249875,0.6,0.6,0.995448965534931,1.2,0.792477302204929,0.4052734375,0.42608642578125,0.4208984375,-0.0121759060306546,1,8.82434410287569e-06,34,ok
F5_P_m0.0020_X0.200,F5,Pref,0.002,1.002002002002,0.2,0.7,2.5,2.5,5,5,0.25025,0.24975,0.6,0.6,0.995448965311862,1.2,0.792477302204929,0.4052734375,0.42608642578125,0.42071533203125,-0.0126056438905601,1,1.76380543486232e-05,34,ok
F5_P_m0.0050_X0.200,F5,Pref,0.005,1.00501253132832,0.2,0.7,2.5,2.5,5,5,0.250625,0.249375,0.6,0.6,0.995448963750383,1.2,0.792477302204929,0.4052734375,0.42608642578125,0.42034912109375,-0.013465119610371,1,4.39576924443075e-05,34,ok
F5_P_m0.0100_X0.200,F5,Pref,0.01,1.01005025125628,0.2,0.7,2.5,2.5,5,5,0.25125,0.24875,0.6,0.6,0.99544895817367,1.2,0.792477302204929,0.4052734375,0.42608642578125,0.4197998046875,-0.0147543331900874,1,8.75234574072015e-05,34,ok
F5_P_m0.0200_X0.200,F5,Pref,0.02,1.02020202020202,0.2,0.7,2.5,2.5,5,5,0.2525,0.2475,0.6,0.6,0.995448935866815,1.2,0.792477302204929,0.4052734375,0.42608642578125,0.41864013671875,-0.0174760063028219,1,0.000173357407038943,34,ok
F5_P_m0.0300_X0.200,F5,Pref,0.03,1.03045685279188,0.2,0.7,2.5,2.5,5,5,0.25375,0.24625,0.6,0.6,0.99544889868872,1.2,0.792477302204929,0.4052734375,0.42608642578125,0.41754150390625,-0.0200544334622547,1,0.000257899364073277,34,ok
F5_P_m0.0500_X0.200,F5,Pref,0.05,1.05128205128205,0.2,0.7,2.5,2.5,5,5,0.25625,0.24375,0.6,0.6,0.995448779718767,1.2,0.792477302204929,0.4052734375,0.42608642578125,0.4154052734375,-0.0250680418278184,1,0.000422515939641266,34,ok
F5_P_m0.0750_X0.200,F5,Pref,0.075,1.07792207792208,0.2,0.7,2.5,2.5,5,5,0.259375,0.240625,0.6,0.6,0.995448547355368,1.2,0.792477302204929,0.4052734375,0.42608642578125,0.41290283203125,-0.030941125913193,1,0.000621512011829806,34,ok
F5_P_m0.1000_X0.200,F5,Pref,0.1,1.10526315789474,0.2,0.7,2.5,2.5,5,5,0.2625,0.2375,0.6,0.6,0.995448222046145,1.2,0.792477302204929,0.4052734375,0.42608642578125,0.410400390625,-0.0368142099985675,1,0.000813377894687495,34,ok
F5_P_m0.1250_X0.200,F5,Pref,0.125,1.13333333333333,0.2,0.7,2.5,2.5,5,5,0.265625,0.234375,0.6,0.6,0.995447803790635,1.2,0.792477302204929,0.4052734375,0.42608642578125,0.40802001953125,-0.0424008021773385,1,0.000998470377881977,34,ok
F5_P_m0.1500_X0.200,F5,Pref,0.15,1.16216216216216,0.2,0.7,2.5,2.5,5,5,0.26875,0.23125,0.6,0.6,0.995447292588241,1.2,0.792477302204929,0.4052734375,0.42608642578125,0.40570068359375,-0.0478441484028076,1,0.00117881562967764,34,ok
F5_P_m0.2000_X0.200,F5,Pref,0.2,1.22222222222222,0.2,0.7,2.5,2.5,5,5,0.275,0.225,0.6,0.6,0.995445991339748,1.2,0.792477302204929,0.4052734375,0.42608642578125,0.401123046875,-0.0585875949004441,1,0.00152612682773323,34,ok
F5_P_m0.2500_X0.200,F5,Pref,0.25,1.28571428571429,0.2,0.7,2.5,2.5,5,5,0.28125,0.21875,0.6,0.6,0.995444318293242,1.2,0.792477302204929,0.4052734375,0.42608642578125,0.396728515625,-0.068901303538175,1,0.00186379707453177,34,ok
F5_P_m0.3000_X0.200,F5,Pref,0.3,1.35294117647059,0.2,0.7,2.5,2.5,5,5,0.2875,0.2125,0.6,0.6,0.995442273439175,1.2,0.792477302204929,0.4052734375,NaN,0.3924560546875,NaN,0,0.00219737684705179,34,no operating point for the aggregated pair
F5_P_m0.3500_X0.200,F5,Pref,0.35,1.42424242424242,0.2,0.7,2.5,2.5,5,5,0.29375,0.20625,0.6,0.6,0.995439856765876,1.2,0.792477302204929,0.4052734375,0.42608642578125,0.38824462890625,-0.0888124910471279,1,0.0025302451671349,34,ok
F5_P_m0.4000_X0.200,F5,Pref,0.4,1.5,0.2,0.7,2.5,2.5,5,5,0.3,0.2,0.6,0.6,0.995437068259553,1.2,0.792477302204929,0.4052734375,0.42608642578125,0.3841552734375,-0.0984099699183498,1,0.0028690637682256,34,ok
F5_P_m0.5000_X0.200,F5,Pref,0.5,1.66666666666667,0.2,0.7,2.5,2.5,5,5,0.3125,0.1875,0.6,0.6,0.995430375682049,1.2,0.792477302204929,0.4052734375,0.42608642578125,0.3760986328125,-0.11731843575419,1,0.00356757171800187,34,ok
F5_P_m0.6000_X0.200,F5,Pref,0.6,1.85714285714286,0.2,0.7,2.5,2.5,5,5,0.325,0.175,0.6,0.6,0.995422195553858,1.2,0.792477302204929,0.4052734375,0.42608642578125,0.3682861328125,-0.135653917776823,1,0.00431063923366198,34,ok
F5_P_m0.6667_X0.200,F5,Pref,0.666666666666667,2,0.2,0.7,2.5,2.5,5,5,0.333333333333333,0.166666666666667,0.6,0.6,0.995415915627171,1.2,0.792477302204929,0.4052734375,0.42608642578125,0.36322021484375,-0.147543331900874,1,0.00483273775725257,34,ok
F5_P_m0.8000_X0.200,F5,Pref,0.8,2.33333333333333,0.2,0.7,2.5,2.5,5,5,0.35,0.15,0.6,0.6,0.995401371864244,1.2,0.792477302204929,0.4052734375,0.42608642578125,0.3367919921875,-0.209568829680562,1,0.00476464231570495,34,ok
F5_P_m1.0000_X0.200,F5,Pref,1,3,0.2,0.7,2.5,2.5,5,5,0.375,0.125,0.6,0.6,0.995374595288196,1.2,0.792477302204929,0.4052734375,0.42608642578125,0.3131103515625,-0.265148259561667,1,0.00488563641023054,34,ok
F5_P_m1.2000_X0.200,F5,Pref,1.2,4,0.2,0.7,2.5,2.5,5,5,0.4,0.1,0.6,0.6,0.995341863378372,1.2,0.792477302204929,0.4052734375,0.42608642578125,0.294677734375,-0.308408537458817,1,0.0054256425450489,34,ok
F5_P_m1.4000_X0.200,F5,Pref,1.4,5.66666666666667,0.2,0.7,2.5,2.5,5,5,0.425,0.075,0.6,0.6,0.995303173141664,1.2,0.792477302204929,0.4052734375,0.42608642578125,0.276123046875,-0.35195530726257,1,0.00614152927681005,34,ok
F5_P_m1.6364_X0.200,F5,Pref,1.63636363636364,10,0.2,0.7,2.5,2.5,5,5,0.454545454545455,0.0454545454545454,0.6,0.6,0.99524976163193,1.2,0.792477302204929,0.4052734375,0.42608642578125,0.24407958984375,-0.427159432746025,1,0.00733276413243439,34,ok
F5_P_m0.0010_X0.700,F5,Pref,0.001,1.00100050025012,0.7,0.7,2.5,2.5,5,5,0.250125,0.249875,0.6,0.6,0.983742796552098,1.2,0.791666666666667,0.40234375,0.42376708984375,0.39910888671875,-0.0581881031254501,1,2.96310770588337e-05,34,ok
F5_P_m0.0020_X0.700,F5,Pref,0.002,1.002002002002,0.7,0.7,2.5,2.5,5,5,0.25025,0.24975,0.6,0.6,0.983742794065705,1.2,0.791666666666667,0.40234375,0.42376708984375,0.39910888671875,-0.0581881031254501,1,5.92240434526548e-05,34,ok
F5_P_m0.0050_X0.700,F5,Pref,0.005,1.00501253132832,0.7,0.7,2.5,2.5,5,5,0.250625,0.249375,0.6,0.6,0.983742776660958,1.2,0.791666666666667,0.40234375,0.42376708984375,0.399169921875,-0.0580440731672188,1,0.000147545820505357,34,ok
F5_P_m0.0100_X0.700,F5,Pref,0.01,1.01005025125628,0.7,0.7,2.5,2.5,5,5,0.25125,0.24875,0.6,0.6,0.983742714501149,1.2,0.791666666666667,0.40234375,0.42376708984375,0.399169921875,-0.0580440731672188,1,0.000292875480786325,34,ok
F5_P_m0.0200_X0.700,F5,Pref,0.02,1.02020202020202,0.7,0.7,2.5,2.5,5,5,0.2525,0.2475,0.6,0.6,0.98374246586168,1.2,0.791666666666667,0.40234375,0.42376708984375,0.39910888671875,-0.0581881031254501,1,0.000590490361633611,34,ok
F5_P_m0.0300_X0.700,F5,Pref,0.03,1.03045685279188,0.7,0.7,2.5,2.5,5,5,0.25375,0.24625,0.6,0.6,0.983742051461816,1.2,0.791666666666667,0.40234375,0.42376708984375,0.39892578125,-0.058620193000144,1,0.000889807249861652,34,ok
F5_P_m0.0500_X0.700,F5,Pref,0.05,1.05128205128205,0.7,0.7,2.5,2.5,5,5,0.25625,0.24375,0.6,0.6,0.983740725375927,1.2,0.791666666666667,0.40234375,0.42376708984375,0.3985595703125,-0.0594843727495319,1,0.00147522345164042,34,ok
F5_P_m0.0750_X0.700,F5,Pref,0.075,1.07792207792208,0.7,0.7,2.5,2.5,5,5,0.259375,0.240625,0.6,0.6,0.983738135336655,1.2,0.791666666666667,0.40234375,0.42376708984375,0.3978271484375,-0.0612127322483077,1,0.00221761725138858,34,ok
F5_P_m0.1000_X0.700,F5,Pref,0.1,1.10526315789474,0.7,0.7,2.5,2.5,5,5,0.2625,0.2375,0.6,0.6,0.983734509219946,1.2,0.791666666666667,0.40234375,0.42376708984375,0.39691162109375,-0.0633731816217773,1,0.00296608637379991,34,ok
F5_P_m0.1250_X0.700,F5,Pref,0.125,1.13333333333333,0.7,0.7,2.5,2.5,5,5,0.265625,0.234375,0.6,0.6,0.98372984696407,1.2,0.791666666666667,0.40234375,0.42376708984375,0.3958740234375,-0.0658216909117096,1,0.00369090122634563,34,ok
F5_P_m0.1500_X0.700,F5,Pref,0.15,1.16216216216216,0.7,0.7,2.5,2.5,5,5,0.26875,0.23125,0.6,0.6,0.983724148489643,1.2,0.791666666666667,0.40234375,0.42376708984375,0.39471435546875,-0.0685582601181046,1,0.00442923777446202,34,ok
F5_P_m0.2000_X0.700,F5,Pref,0.2,1.22222222222222,0.7,0.7,2.5,2.5,5,5,0.275,0.225,0.6,0.6,0.983709642479372,1.2,0.791666666666667,0.40234375,0.42376708984375,0.3922119140625,-0.0744634884055884,1,0.0059331171218267,34,ok
F5_P_m0.2500_X0.700,F5,Pref,0.25,1.28571428571429,0.7,0.7,2.5,2.5,5,5,0.28125,0.21875,0.6,0.6,0.983690990200954,1.2,0.791666666666667,0.40234375,0.42376708984375,0.38946533203125,-0.0809448365259974,1,0.0073768601692949,34,ok
F5_P_m0.3000_X0.700,F5,Pref,0.3,1.35294117647059,0.7,0.7,2.5,2.5,5,5,0.2875,0.2125,0.6,0.6,0.983668190383373,1.2,0.791666666666667,0.40234375,0.42376708984375,0.3865966796875,-0.0877142445628691,1,0.00889353303933749,34,ok
F5_P_m0.3500_X0.700,F5,Pref,0.35,1.42424242424242,0.7,0.7,2.5,2.5,5,5,0.29375,0.20625,0.6,0.6,0.983641241472442,1.2,0.791666666666667,0.40234375,0.42376708984375,0.38360595703125,-0.0947717125162034,1,0.0103870202955892,34,ok
F5_P_m0.4000_X0.700,F5,Pref,0.4,1.5,0.7,0.7,2.5,2.5,5,5,0.3,0.2,0.6,0.6,0.983610141630323,1.2,0.791666666666667,0.40234375,0.42376708984375,0.38055419921875,-0.101973210427769,1,0.0118401078117635,34,ok
F5_P_m0.5000_X0.700,F5,Pref,0.5,1.66666666666667,0.7,0.7,2.5,2.5,5,5,0.3125,0.1875,0.6,0.6,0.98353548037977,1.2,0.791666666666667,0.40234375,0.42376708984375,0.3741455078125,-0.117096356042057,1,0.0148440497895355,34,ok
F5_P_m0.6000_X0.700,F5,Pref,0.6,1.85714285714286,0.7,0.7,2.5,2.5,5,5,0.325,0.175,0.6,0.6,0.98344418623423,1.2,0.791666666666667,0.40234375,0.4237060546875,0.36761474609375,-0.132382598674734,1,0.0178086817409794,34,ok
F5_P_m0.6667_X0.700,F5,Pref,0.666666666666667,2,0.7,0.7,2.5,2.5,5,5,0.333333333333333,0.166666666666667,0.6,0.6,0.983374070827817,1.2,0.791666666666667,0.40234375,0.4237060546875,0.3631591796875,-0.142898300201671,1,0.0197388673457811,34,ok
F5_P_m0.8000_X0.700,F5,Pref,0.8,2.33333333333333,0.7,0.7,2.5,2.5,5,5,0.35,0.15,0.6,0.6,0.983211594736576,1.2,0.791666666666667,0.40234375,0.4237060546875,0.35369873046875,-0.165226159608182,1,0.0238140454603412,34,ok
F5_P_m1.0000_X0.700,F5,Pref,1,3,0.7,0.7,2.5,2.5,5,5,0.375,0.125,0.6,0.6,0.982912111788734,1.2,0.791666666666667,0.40234375,0.42364501953125,0.3192138671875,-0.246506267108486,1,0.0297503838775546,34,ok
F5_P_m1.2000_X0.700,F5,Pref,1.2,4,0.7,0.7,2.5,2.5,5,5,0.4,0.1,0.6,0.6,0.982545407060905,1.2,0.791666666666667,0.40234375,0.42352294921875,0.3006591796875,-0.29009943795936,1,0.0358699605135681,34,ok
F5_P_m1.4000_X0.700,F5,Pref,1.4,5.66666666666667,0.7,0.7,2.5,2.5,5,5,0.425,0.075,0.6,0.6,0.982111073694357,1.2,0.791666666666667,0.40234375,0.4234619140625,0.27716064453125,-0.345488613433266,1,0.0419076542991272,34,ok
F5_P_m1.6364_X0.700,F5,Pref,1.63636363636364,10,0.7,0.7,2.5,2.5,5,5,0.454545454545455,0.0454545454545454,0.6,0.6,0.98150991137593,1.2,0.791395045632334,0.40234375,0.42333984375,0.24169921875,-0.429065743944637,1,0.0494741931289515,34,ok
F6_all_m0.0100_X0.050,F6,joint,0.01,NaN,0.05,0.7,2.5125,2.4875,5.025,4.975,0.25125,0.24875,0.603,0.597,0.998868512331646,1.2,0.792746113989637,0.40625,0.4267578125,0.42462158203125,-0.00500572082379863,1,0,34,ok
F6_all_m0.0200_X0.050,F6,joint,0.02,NaN,0.05,0.7,2.525,2.475,5.05,4.95,0.2525,0.2475,0.606,0.594,0.99886851088577,1.2,0.792746113989637,0.40625,0.4267578125,0.42431640625,-0.005720823798627,1,0,34,ok
F6_all_m0.0300_X0.050,F6,joint,0.03,NaN,0.05,0.7,2.5375,2.4625,5.075,4.925,0.25375,0.24625,0.609,0.591,0.998868508475975,1.2,0.792746113989637,0.40625,0.4267578125,0.424072265625,-0.0062929061784897,1,1.02586970485152e-06,34,ok
F6_all_m0.0500_X0.050,F6,joint,0.05,NaN,0.05,0.7,2.5625,2.4375,5.125,4.875,0.25625,0.24375,0.615,0.585,0.998868500764634,1.2,0.792746113989637,0.40625,0.4267578125,0.423828125,-0.0068649885583524,1,1.42174824713237e-06,34,ok
F6_all_m0.1000_X0.050,F6,joint,0.1,NaN,0.05,0.7,2.625,2.375,5.25,4.75,0.2625,0.2375,0.63,0.57,0.998868464617719,1.2,0.792746113989637,0.40625,0.4267578125,0.42327880859375,-0.00815217391304348,1,0,34,ok
F6_all_m0.1500_X0.050,F6,joint,0.15,NaN,0.05,0.7,2.6875,2.3125,5.375,4.625,0.26875,0.23125,0.645,0.555,0.998868404372845,1.2,0.792746113989637,0.40625,0.4267578125,0.42327880859375,-0.00815217391304348,1,0,34,ok
F6_all_m0.2000_X0.050,F6,joint,0.2,NaN,0.05,0.7,2.75,2.25,5.5,4.5,0.275,0.225,0.66,0.54,0.998868320029991,1.2,0.792746113989637,0.40625,0.4267578125,0.4239501953125,-0.00657894736842105,1,0,34,ok
F6_all_m0.2500_X0.050,F6,joint,0.25,NaN,0.05,0.7,2.8125,2.1875,5.625,4.375,0.28125,0.21875,0.675,0.525,0.998868211589126,1.2,0.792746113989637,0.40625,0.4267578125,0.42547607421875,-0.00300343249427918,1,0,34,ok
F6_all_m0.3000_X0.050,F6,joint,0.3,NaN,0.05,0.7,2.875,2.125,5.75,4.25,0.2875,0.2125,0.69,0.51,0.998868079050211,1.2,0.792746113989637,0.40625,0.4267578125,0.425537109375,-0.0028604118993135,1,0,34,ok
F6_all_m0.4000_X0.050,F6,joint,0.4,NaN,0.05,0.7,3,2,6,4,0.3,0.2,0.72,0.48,0.998867741678029,1.2,0.792746113989637,0.40625,0.4267578125,0.42681884765625,0.000143020594965675,1,0,34,ok
F6_all_m0.5000_X0.050,F6,joint,0.5,NaN,0.05,0.7,3.125,1.875,6.25,3.75,0.3125,0.1875,0.75,0.45,0.998867307912954,1.2,0.792746113989637,0.40625,0.4267578125,0.427978515625,0.0028604118993135,1,0,34,ok
F6_all_m0.6667_X0.050,F6,joint,0.666666666666667,NaN,0.05,0.7,3.33333333333333,1.66666666666667,6.66666666666667,3.33333333333333,0.333333333333333,0.166666666666667,0.8,0.4,0.998866370762957,1.2,0.792746113989637,0.40625,0.4267578125,0.4273681640625,0.00143020594965675,1,0,34,ok
F6_all_m1.0000_X0.050,F6,joint,1,NaN,0.05,0.7,3.75,1.25,7.5,2.5,0.375,0.125,0.9,0.3,0.998863693167205,1.2,0.792746113989637,0.40625,0.4267578125,0.40997314453125,-0.0393306636155606,1,0,34,ok
F6_all_m0.0100_X0.200,F6,joint,0.01,NaN,0.2,0.7,2.5125,2.4875,5.025,4.975,0.25125,0.24875,0.603,0.597,0.99544895817367,1.2,0.792477302204929,0.4052734375,0.42608642578125,0.42095947265625,-0.0120326600773528,1,2.19232902451405e-05,34,ok
F6_all_m0.0200_X0.200,F6,joint,0.02,NaN,0.2,0.7,2.525,2.475,5.05,4.95,0.2525,0.2475,0.606,0.594,0.995448935866815,1.2,0.792477302204929,0.4052734375,0.42608642578125,0.42083740234375,-0.0123191519839565,1,3.83664307253007e-05,34,ok
F6_all_m0.0300_X0.200,F6,joint,0.03,NaN,0.2,0.7,2.5375,2.4625,5.075,4.925,0.25375,0.24625,0.609,0.591,0.99544889868872,1.2,0.792477302204929,0.4052734375,0.42608642578125,0.42071533203125,-0.0126056438905601,1,7.29640533454479e-05,34,ok
F6_all_m0.0500_X0.200,F6,joint,0.05,NaN,0.2,0.7,2.5625,2.4375,5.125,4.875,0.25625,0.24375,0.615,0.585,0.995448779718767,1.2,0.792477302204929,0.4052734375,0.42608642578125,0.42047119140625,-0.0131786277037674,1,0.000114868706425519,34,ok
F6_all_m0.1000_X0.200,F6,joint,0.1,NaN,0.2,0.7,2.625,2.375,5.25,4.75,0.2625,0.2375,0.63,0.57,0.995448222046145,1.2,0.792477302204929,0.4052734375,0.42608642578125,0.41961669921875,-0.0151840710499928,1,0.000228185403941095,34,ok
F6_all_m0.1500_X0.200,F6,joint,0.15,NaN,0.2,0.7,2.6875,2.3125,5.375,4.625,0.26875,0.23125,0.645,0.555,0.995447292588241,1.2,0.792477302204929,0.4052734375,0.42608642578125,0.41876220703125,-0.0171895143962183,1,1.16603246739788e-05,34,ok
F6_all_m0.2000_X0.200,F6,joint,0.2,NaN,0.2,0.7,2.75,2.25,5.5,4.5,0.275,0.225,0.66,0.54,0.995445991339748,1.2,0.792477302204929,0.4052734375,0.42608642578125,0.41790771484375,-0.0191949577424438,1,0,34,ok
F6_all_m0.2500_X0.200,F6,joint,0.25,NaN,0.2,0.7,2.8125,2.1875,5.625,4.375,0.28125,0.21875,0.675,0.525,0.995444318293242,1.2,0.792477302204929,0.4052734375,0.42608642578125,0.41693115234375,-0.0214868929952729,1,0,34,ok
F6_all_m0.3000_X0.200,F6,joint,0.3,NaN,0.2,0.7,2.875,2.125,5.75,4.25,0.2875,0.2125,0.69,0.51,0.995442273439175,1.2,0.792477302204929,0.4052734375,NaN,0.416015625,NaN,0,0,34,no operating point for the aggregated pair
F6_all_m0.4000_X0.200,F6,joint,0.4,NaN,0.2,0.7,3,2,6,4,0.3,0.2,0.72,0.48,0.995437068259553,1.2,0.792477302204929,0.4052734375,0.42608642578125,0.4146728515625,-0.0267869932674402,1,0,34,ok
F6_all_m0.5000_X0.200,F6,joint,0.5,NaN,0.2,0.7,3.125,1.875,6.25,3.75,0.3125,0.1875,0.75,0.45,0.995430375682049,1.2,0.792477302204929,0.4052734375,0.42608642578125,0.4141845703125,-0.0279329608938547,1,0,34,ok
F6_all_m0.6667_X0.200,F6,joint,0.666666666666667,NaN,0.2,0.7,3.33333333333333,1.66666666666667,6.66666666666667,3.33333333333333,0.333333333333333,0.166666666666667,0.8,0.4,0.995415915627171,1.2,0.792477302204929,0.4052734375,0.42608642578125,0.415771484375,-0.0242085661080074,1,0,34,ok
F6_all_m1.0000_X0.200,F6,joint,1,NaN,0.2,0.7,3.75,1.25,7.5,2.5,0.375,0.125,0.9,0.3,0.995374595288196,1.2,0.792477302204929,0.4052734375,0.42608642578125,0.43115234375,0.011889414124051,1,0,34,ok
F6_all_m0.0100_X0.700,F6,joint,0.01,NaN,0.7,0.7,2.5125,2.4875,5.025,4.975,0.25125,0.24875,0.603,0.597,0.983742714501149,1.2,0.791666666666667,0.40234375,0.42376708984375,0.39910888671875,-0.0581881031254501,1,0,34,ok
F6_all_m0.0200_X0.700,F6,joint,0.02,NaN,0.7,0.7,2.525,2.475,5.05,4.95,0.2525,0.2475,0.606,0.594,0.98374246586168,1.2,0.791666666666667,0.40234375,0.42376708984375,0.39910888671875,-0.0581881031254501,1,0,34,ok
F6_all_m0.0300_X0.700,F6,joint,0.03,NaN,0.7,0.7,2.5375,2.4625,5.075,4.925,0.25375,0.24625,0.609,0.591,0.983742051461816,1.2,0.791666666666667,0.40234375,0.42376708984375,0.39910888671875,-0.0581881031254501,1,0,34,ok
F6_all_m0.0500_X0.700,F6,joint,0.05,NaN,0.7,0.7,2.5625,2.4375,5.125,4.875,0.25625,0.24375,0.615,0.585,0.983740725375927,1.2,0.791666666666667,0.40234375,0.42376708984375,0.3990478515625,-0.0583321330836814,1,0,34,ok
F6_all_m0.1000_X0.700,F6,joint,0.1,NaN,0.7,0.7,2.625,2.375,5.25,4.75,0.2625,0.2375,0.63,0.57,0.983734509219946,1.2,0.791666666666667,0.40234375,0.42376708984375,0.39874267578125,-0.059052282874838,1,0,34,ok
F6_all_m0.1500_X0.700,F6,joint,0.15,NaN,0.7,0.7,2.6875,2.3125,5.375,4.625,0.26875,0.23125,0.645,0.555,0.983724148489643,1.2,0.791666666666667,0.40234375,0.42376708984375,0.3983154296875,-0.0600604925824572,1,0,34,ok
F6_all_m0.2000_X0.700,F6,joint,0.2,NaN,0.7,0.7,2.75,2.25,5.5,4.5,0.275,0.225,0.66,0.54,0.983709642479372,1.2,0.791666666666667,0.40234375,0.42376708984375,0.397705078125,-0.0615007921647703,1,0,34,ok
F6_all_m0.2500_X0.700,F6,joint,0.25,NaN,0.7,0.7,2.8125,2.1875,5.625,4.375,0.28125,0.21875,0.675,0.525,0.983690990200954,1.2,0.791666666666667,0.40234375,0.42376708984375,0.39697265625,-0.063229151663546,1,0,34,ok
F6_all_m0.3000_X0.700,F6,joint,0.3,NaN,0.7,0.7,2.875,2.125,5.75,4.25,0.2875,0.2125,0.69,0.51,0.983668190383373,1.2,0.791666666666667,0.40234375,0.42376708984375,0.3961181640625,-0.0652455710787844,1,0,34,ok
F6_all_m0.4000_X0.700,F6,joint,0.4,NaN,0.7,0.7,3,2,6,4,0.3,0.2,0.72,0.48,0.983610141630323,1.2,0.791666666666667,0.40234375,0.42376708984375,0.3936767578125,-0.0710067694080369,1,0,34,ok
F6_all_m0.5000_X0.700,F6,joint,0.5,NaN,0.7,0.7,3.125,1.875,6.25,3.75,0.3125,0.1875,0.75,0.45,0.98353548037977,1.2,0.791666666666667,0.40234375,0.42376708984375,0.3900146484375,-0.0796485669019156,1,0,34,ok
F6_all_m0.6667_X0.700,F6,joint,0.666666666666667,NaN,0.7,0.7,3.33333333333333,1.66666666666667,6.66666666666667,3.33333333333333,0.333333333333333,0.166666666666667,0.8,0.4,0.983374070827817,1.2,0.791666666666667,0.40234375,0.4237060546875,0.38360595703125,-0.0946413137424373,1,0,34,ok
F6_all_m1.0000_X0.700,F6,joint,1,NaN,0.7,0.7,3.75,1.25,7.5,2.5,0.375,0.125,0.9,0.3,0.982912111788734,1.2,0.791666666666667,0.40234375,0.42364501953125,0.3724365234375,-0.120875954473419,1,0,34,ok
F7_E_m0.0010_X0.050,F7,E,0.001,1.00100050025012,0.05,0.7,2.5,2.5,5,5,0.25,0.25,0.6,0.6,0.998868512808785,1.2,0.792746113989637,0.40625,0.4267578125,0.42303466796875,-0.00872425629290618,1,0.00023092404558539,34,ok
F7_E_m0.0020_X0.050,F7,E,0.002,1.002002002002,0.05,0.7,2.5,2.5,5,5,0.25,0.25,0.6,0.6,0.998868512794326,1.2,0.792746113989637,0.40625,0.4267578125,0.42242431640625,-0.0101544622425629,1,0.000448169795843445,34,ok
F7_E_m0.0050_X0.050,F7,E,0.005,1.00501253132832,0.05,0.7,2.5,2.5,5,5,0.25,0.25,0.6,0.6,0.998868512693114,1.2,0.792746113989637,0.40625,0.4267578125,0.422607421875,-0.0097254004576659,1,0.00116133794037016,34,ok
F7_E_m0.0100_X0.050,F7,E,0.01,1.01005025125628,0.05,0.7,2.5,2.5,5,5,0.25,0.25,0.6,0.6,0.998868512331634,1.2,0.792746113989637,0.40625,0.4267578125,0.4248046875,-0.0045766590389016,1,0.00250540416021561,34,ok
F7_E_m0.0200_X0.050,F7,E,0.02,1.02020202020202,0.05,0.7,2.5,2.5,5,5,0.25,0.25,0.6,0.6,0.998868510885577,1.2,0.792746113989637,0.40625,0.4267578125,0.41741943359375,-0.0218821510297483,1,0.00530703532563737,34,ok
F7_E_m0.0300_X0.050,F7,E,0.03,1.03045685279188,0.05,0.7,2.5,2.5,5,5,0.25,0.25,0.6,0.6,0.925781519272843,1.2,0.784860557768924,0.3876953125,0.409423828125,0.40826416015625,-0.00283243887895051,1,0.00808364374743364,34,ok
F7_E_m0.0500_X0.050,F7,E,0.05,1.05128205128205,0.05,0.7,2.5,2.5,5,5,0.25,0.25,0.6,0.6,0.925781519272847,1.2,0.784860557768924,0.3876953125,0.409423828125,0.02838134765625,-0.930679785330948,1,0,34,ok
F7_E_m0.0750_X0.050,F7,E,0.075,1.07792207792208,0.05,0.7,2.5,2.5,5,5,0.25,0.25,0.6,0.6,NaN,NaN,NaN,NaN,NaN,NaN,NaN,0,NaN,0,no pre-fault operating point found for the two converters
F7_E_m0.1000_X0.050,F7,E,0.1,1.10526315789474,0.05,0.7,2.5,2.5,5,5,0.25,0.25,0.6,0.6,NaN,NaN,NaN,NaN,NaN,NaN,NaN,0,NaN,0,no pre-fault operating point found for the two converters
F7_E_m0.1250_X0.050,F7,E,0.125,1.13333333333333,0.05,0.7,2.5,2.5,5,5,0.25,0.25,0.6,0.6,NaN,NaN,NaN,NaN,NaN,NaN,NaN,0,NaN,0,no pre-fault operating point found for the two converters
F7_E_m0.1500_X0.050,F7,E,0.15,1.16216216216216,0.05,0.7,2.5,2.5,5,5,0.25,0.25,0.6,0.6,NaN,NaN,NaN,NaN,NaN,NaN,NaN,0,NaN,0,no pre-fault operating point found for the two converters
F7_E_m0.2000_X0.050,F7,E,0.2,1.22222222222222,0.05,0.7,2.5,2.5,5,5,0.25,0.25,0.6,0.6,NaN,NaN,NaN,NaN,NaN,NaN,NaN,0,NaN,0,no pre-fault operating point found for the two converters
F7_E_m0.2500_X0.050,F7,E,0.25,1.28571428571429,0.05,0.7,2.5,2.5,5,5,0.25,0.25,0.6,0.6,NaN,NaN,NaN,NaN,NaN,NaN,NaN,0,NaN,0,no pre-fault operating point found for the two converters
F7_E_m0.3000_X0.050,F7,E,0.3,1.35294117647059,0.05,0.7,2.5,2.5,5,5,0.25,0.25,0.6,0.6,NaN,NaN,NaN,NaN,NaN,NaN,NaN,0,NaN,0,no pre-fault operating point found for the two converters
F7_E_m0.0010_X0.200,F7,E,0.001,1.00100050025012,0.2,0.7,2.5,2.5,5,5,0.25,0.25,0.6,0.6,0.995448965534931,1.2,0.792477302204929,0.4052734375,0.42608642578125,0.42095947265625,-0.0120326600773528,1,0.000380077510976407,34,ok
F7_E_m0.0020_X0.200,F7,E,0.002,1.002002002002,0.2,0.7,2.5,2.5,5,5,0.25,0.25,0.6,0.6,0.995448965311862,1.2,0.792477302204929,0.4052734375,0.42608642578125,0.42095947265625,-0.0120326600773528,1,0.0007467657423883,34,ok
F7_E_m0.0050_X0.200,F7,E,0.005,1.00501253132832,0.2,0.7,2.5,2.5,5,5,0.25,0.25,0.6,0.6,0.995448963750371,1.2,0.792477302204929,0.4052734375,0.42608642578125,0.4208984375,-0.0121759060306546,1,0.00176511859811945,34,ok
F7_E_m0.0100_X0.200,F7,E,0.01,1.01005025125628,0.2,0.7,2.5,2.5,5,5,0.25,0.25,0.6,0.6,0.995448958173483,1.2,0.792477302204929,0.4052734375,0.42608642578125,0.4205322265625,-0.0130353817504655,1,0.00271623883627314,34,ok
F7_E_m0.0200_X0.200,F7,E,0.02,1.02020202020202,0.2,0.7,2.5,2.5,5,5,0.25,0.25,0.6,0.6,0.995448935863837,1.2,0.792477302204929,0.4052734375,0.42608642578125,0.4195556640625,-0.0153273170032947,1,0.00550525876751229,34,ok
F7_E_m0.0300_X0.200,F7,E,0.03,1.03045685279188,0.2,0.7,2.5,2.5,5,5,0.25,0.25,0.6,0.6,0.99544889867364,1.2,0.792477302204929,0.4052734375,0.42608642578125,0.41864013671875,-0.0174760063028219,1,0.00837459183792666,34,ok
F7_E_m0.0500_X0.200,F7,E,0.05,1.05128205128205,0.2,0.7,2.5,2.5,5,5,0.25,0.25,0.6,0.6,0.995448779602366,1.2,0.792477302204929,0.4052734375,0.42608642578125,0.417236328125,-0.0207706632287638,1,0.0141794261237159,34,ok
F7_E_m0.0750_X0.200,F7,E,0.075,1.07792207792208,0.2,0.7,2.5,2.5,5,5,0.25,0.25,0.6,0.6,0.995448546765624,1.2,0.792477302204929,0.4052734375,0.42608642578125,0.4176025390625,-0.0199111875089529,1,0.0196955630012582,34,ok
F7_E_m0.1000_X0.200,F7,E,0.1,1.10526315789474,0.2,0.7,2.5,2.5,5,5,0.25,0.25,0.6,0.6,0.995448220180214,1.2,0.792477302204929,0.4052734375,0.42608642578125,0.4176025390625,-0.0199111875089529,1,0.022745769191918,34,ok
F7_E_m0.1250_X0.200,F7,E,0.125,1.13333333333333,0.2,0.7,2.5,2.5,5,5,0.25,0.25,0.6,0.6,0.925781519272845,1.2,0.784860557768924,0.3876953125,0.409423828125,0.41168212890625,0.00551580202742993,1,0.0217446054135238,34,ok
F7_E_m0.1500_X0.200,F7,E,0.15,1.16216216216216,0.2,0.7,2.5,2.5,5,5,0.25,0.25,0.6,0.6,0.925781519272848,1.2,0.784860557768924,0.3876953125,0.409423828125,0.2391357421875,-0.415921288014311,1,0.0301844586732561,34,ok
F7_E_m0.2000_X0.200,F7,E,0.2,1.22222222222222,0.2,0.7,2.5,2.5,5,5,0.25,0.25,0.6,0.6,0.925781519272848,1.2,0.784860557768924,0.3876953125,0.409423828125,0.01239013671875,-0.969737626714371,1,0,34,ok
F7_E_m0.2500_X0.200,F7,E,0.25,1.28571428571429,0.2,0.7,2.5,2.5,5,5,0.25,0.25,0.6,0.6,NaN,NaN,NaN,NaN,NaN,NaN,NaN,0,NaN,0,no pre-fault operating point found for the two converters
F7_E_m0.3000_X0.200,F7,E,0.3,1.35294117647059,0.2,0.7,2.5,2.5,5,5,0.25,0.25,0.6,0.6,NaN,NaN,NaN,NaN,NaN,NaN,NaN,0,NaN,0,no pre-fault operating point found for the two converters
F7_E_m0.0010_X0.700,F7,E,0.001,1.00100050025012,0.7,0.7,2.5,2.5,5,5,0.25,0.25,0.6,0.6,0.983742796552096,1.2,0.791666666666667,0.40234375,0.42376708984375,0.39910888671875,-0.0581881031254501,1,0,34,ok
F7_E_m0.0020_X0.700,F7,E,0.002,1.002002002002,0.7,0.7,2.5,2.5,5,5,0.25,0.25,0.6,0.6,0.983742794065699,1.2,0.791666666666667,0.40234375,0.42376708984375,0.39910888671875,-0.0581881031254501,1,0,34,ok
F7_E_m0.0050_X0.700,F7,E,0.005,1.00501253132832,0.7,0.7,2.5,2.5,5,5,0.25,0.25,0.6,0.6,0.983742776660827,1.2,0.791666666666667,0.40234375,0.42376708984375,0.39910888671875,-0.0581881031254501,1,0,34,ok
F7_E_m0.0100_X0.700,F7,E,0.01,1.01005025125628,0.7,0.7,2.5,2.5,5,5,0.25,0.25,0.6,0.6,0.983742714499042,1.2,0.791666666666667,0.40234375,0.42376708984375,0.39910888671875,-0.0581881031254501,1,0,34,ok
F7_E_m0.0200_X0.700,F7,E,0.02,1.02020202020202,0.7,0.7,2.5,2.5,5,5,0.25,0.25,0.6,0.6,0.983742465827994,1.2,0.791666666666667,0.40234375,0.42376708984375,0.39892578125,-0.058620193000144,1,0,34,ok
F7_E_m0.0300_X0.700,F7,E,0.03,1.03045685279188,0.7,0.7,2.5,2.5,5,5,0.25,0.25,0.6,0.6,0.983742051291269,1.2,0.791666666666667,0.40234375,0.42376708984375,0.398681640625,-0.0591963128330693,1,0,34,ok
F7_E_m0.0500_X0.700,F7,E,0.05,1.05128205128205,0.7,0.7,2.5,2.5,5,5,0.25,0.25,0.6,0.6,0.983740724059427,1.2,0.791666666666667,0.40234375,0.42376708984375,0.39788818359375,-0.0610687022900763,1,0,34,ok
F7_E_m0.0750_X0.700,F7,E,0.075,1.07792207792208,0.7,0.7,2.5,2.5,5,5,0.25,0.25,0.6,0.6,0.983738128666403,1.2,0.791666666666667,0.40234375,0.42376708984375,0.396484375,-0.0643813913293965,1,0,34,ok
F7_E_m0.1000_X0.700,F7,E,0.1,1.10526315789474,0.7,0.7,2.5,2.5,5,5,0.25,0.25,0.6,0.6,0.98373448811456,1.2,0.791666666666667,0.40234375,0.42376708984375,0.39349365234375,-0.0714388592827308,1,0,34,ok
F7_E_m0.1250_X0.700,F7,E,0.125,1.13333333333333,0.7,0.7,2.5,2.5,5,5,0.25,0.25,0.6,0.6,0.983729795361414,1.2,0.791666666666667,0.40234375,0.42376708984375,0.38922119140625,-0.0815209563589227,1,0.000525814781026979,34,ok
F7_E_m0.1500_X0.700,F7,E,0.15,1.16216216216216,0.7,0.7,2.5,2.5,5,5,0.25,0.25,0.6,0.6,0.98372404129357,1.2,0.791666666666667,0.40234375,0.42376708984375,0.38427734375,-0.0931873829756589,1,0.00379569151555958,34,ok
F7_E_m0.2000_X0.700,F7,E,0.2,1.22222222222222,0.7,0.7,2.5,2.5,5,5,0.25,0.25,0.6,0.6,0.983709302125766,1.2,0.791666666666667,0.40234375,0.42376708984375,0.37664794921875,-0.111191127754573,1,0.0101444811846294,34,ok
F7_E_m0.2500_X0.700,F7,E,0.25,1.28571428571429,0.7,0.7,2.5,2.5,5,5,0.25,0.25,0.6,0.6,0.983690154307451,1.2,0.791666666666667,0.40234375,0.42376708984375,0.37603759765625,-0.112631427336886,1,0.0161923927161652,34,ok
F7_E_m0.3000_X0.700,F7,E,0.3,1.35294117647059,0.7,0.7,2.5,2.5,5,5,0.25,0.25,0.6,0.6,0.983666444356709,1.2,0.791666666666667,0.40234375,0.42376708984375,0.3846435546875,-0.0923232032262711,1,0.0221923187408551,34,ok
F8_adv_m0.0100_X0.050,F8,joint_adverse,0.01,NaN,0.05,0.7,2.5125,2.4875,5.025,4.975,0.25125,0.24875,0.597,0.603,0.998868512331646,1.2,0.792746113989637,0.40625,0.4267578125,0.41485595703125,-0.0278890160183066,1,4.67187737125396e-05,34,ok
F8_adv_m0.0200_X0.050,F8,joint_adverse,0.02,NaN,0.05,0.7,2.525,2.475,5.05,4.95,0.2525,0.2475,0.594,0.606,0.99886851088577,1.2,0.792746113989637,0.40625,0.4267578125,0.41070556640625,-0.0376144164759725,1,0.000105103592420996,34,ok
F8_adv_m0.0300_X0.050,F8,joint_adverse,0.03,NaN,0.05,0.7,2.5375,2.4625,5.075,4.925,0.25375,0.24625,0.591,0.609,0.998868508475975,1.2,0.792746113989637,0.40625,0.4267578125,0.407470703125,-0.0451945080091533,1,0.000176840746579865,34,ok
F8_adv_m0.0500_X0.050,F8,joint_adverse,0.05,NaN,0.05,0.7,2.5625,2.4375,5.125,4.875,0.25625,0.24375,0.585,0.615,0.998868500764634,1.2,0.792746113989637,0.40625,0.4267578125,0.402099609375,-0.0577803203661327,1,0.000297720321165595,34,ok
F8_adv_m0.1000_X0.050,F8,joint_adverse,0.1,NaN,0.05,0.7,2.625,2.375,5.25,4.75,0.2625,0.2375,0.57,0.63,0.998868464617719,1.2,0.792746113989637,0.40625,0.4267578125,0.3907470703125,-0.0843821510297483,1,0.000521613691931655,34,ok
F8_adv_m0.1500_X0.050,F8,joint_adverse,0.15,NaN,0.05,0.7,2.6875,2.3125,5.375,4.625,0.26875,0.23125,0.555,0.645,0.998868404372845,1.2,0.792746113989637,0.40625,0.4267578125,0.38067626953125,-0.107980549199085,1,0.000885565076690131,34,ok
F8_adv_m0.2000_X0.050,F8,joint_adverse,0.2,NaN,0.05,0.7,2.75,2.25,5.5,4.5,0.275,0.225,0.54,0.66,0.998868320029991,1.2,0.792746113989637,0.40625,0.4267578125,0.3582763671875,-0.160469107551487,1,0.0010910322528867,34,ok
F8_adv_m0.2500_X0.050,F8,joint_adverse,0.25,NaN,0.05,0.7,2.8125,2.1875,5.625,4.375,0.28125,0.21875,0.525,0.675,0.998868211589126,1.2,0.792746113989637,0.40625,0.4267578125,0.3416748046875,-0.199370709382151,1,0.000849984419250216,34,ok
F8_adv_m0.3000_X0.050,F8,joint_adverse,0.3,NaN,0.05,0.7,2.875,2.125,5.75,4.25,0.2875,0.2125,0.51,0.69,0.998868079050211,1.2,0.792746113989637,0.40625,0.4267578125,0.321533203125,-0.246567505720824,1,0.00105858670115372,34,ok
F8_adv_m0.4000_X0.050,F8,joint_adverse,0.4,NaN,0.05,0.7,3,2,6,4,0.3,0.2,0.48,0.72,0.998867741678029,1.2,0.792746113989637,0.40625,0.4267578125,0.2816162109375,-0.340102974828375,1,0.00155264045277415,34,ok
F8_adv_m0.5000_X0.050,F8,joint_adverse,0.5,NaN,0.05,0.7,3.125,1.875,6.25,3.75,0.3125,0.1875,0.45,0.75,0.998867307912954,1.2,0.792746113989637,0.40625,0.4267578125,0.2431640625,-0.430205949656751,1,0.00138409940364981,34,ok
F8_adv_m0.6667_X0.050,F8,joint_adverse,0.666666666666667,NaN,0.05,0.7,3.33333333333333,1.66666666666667,6.66666666666667,3.33333333333333,0.333333333333333,0.166666666666667,0.4,0.8,0.998866370762957,1.2,0.792746113989637,0.40625,0.4267578125,0.16949462890625,-0.60283180778032,1,0.000820129006300074,34,ok
F8_adv_m1.0000_X0.050,F8,joint_adverse,1,NaN,0.05,0.7,3.75,1.25,7.5,2.5,0.375,0.125,0.3,0.9,NaN,NaN,NaN,NaN,NaN,NaN,NaN,0,NaN,0,no pre-fault operating point found for the two converters
F8_adv_m0.0100_X0.200,F8,joint_adverse,0.01,NaN,0.2,0.7,2.5125,2.4875,5.025,4.975,0.25125,0.24875,0.597,0.603,0.99544895817367,1.2,0.792477302204929,0.4052734375,0.42608642578125,0.41796875,-0.019051711789142,1,0.000182057656680279,34,ok
F8_adv_m0.0200_X0.200,F8,joint_adverse,0.02,NaN,0.2,0.7,2.525,2.475,5.05,4.95,0.2525,0.2475,0.594,0.606,0.995448935866815,1.2,0.792477302204929,0.4052734375,0.42608642578125,0.41510009765625,-0.0257842715943275,1,0.000333728026663427,34,ok
F8_adv_m0.0300_X0.200,F8,joint_adverse,0.03,NaN,0.2,0.7,2.5375,2.4625,5.075,4.925,0.25375,0.24625,0.591,0.609,0.99544889868872,1.2,0.792477302204929,0.4052734375,0.42608642578125,0.412353515625,-0.0322303394929093,1,0.0004559336649127,34,ok
F8_adv_m0.0500_X0.200,F8,joint_adverse,0.05,NaN,0.2,0.7,2.5625,2.4375,5.125,4.875,0.25625,0.24375,0.585,0.615,0.995448779718767,1.2,0.792477302204929,0.4052734375,0.42608642578125,0.406982421875,-0.0448359833834694,1,0.00060972430823425,34,ok
F8_adv_m0.1000_X0.200,F8,joint_adverse,0.1,NaN,0.2,0.7,2.625,2.375,5.25,4.75,0.2625,0.2375,0.57,0.63,0.995448222046145,1.2,0.792477302204929,0.4052734375,0.42608642578125,0.39404296875,-0.0752041254834551,1,0.000469761114463063,34,ok
F8_adv_m0.1500_X0.200,F8,joint_adverse,0.15,NaN,0.2,0.7,2.6875,2.3125,5.375,4.625,0.26875,0.23125,0.555,0.645,0.995447292588241,1.2,0.792477302204929,0.4052734375,0.42608642578125,0.381591796875,-0.104426299957026,1,0.00102077516673044,34,ok
F8_adv_m0.2000_X0.200,F8,joint_adverse,0.2,NaN,0.2,0.7,2.75,2.25,5.5,4.5,0.275,0.225,0.54,0.66,0.995445991339748,1.2,0.792477302204929,0.4052734375,0.42608642578125,0.3603515625,-0.154275891706059,1,0.00189599283170816,34,ok
F8_adv_m0.2500_X0.200,F8,joint_adverse,0.25,NaN,0.2,0.7,2.8125,2.1875,5.625,4.375,0.28125,0.21875,0.525,0.675,0.995444318293242,1.2,0.792477302204929,0.4052734375,0.42608642578125,0.3414306640625,-0.198682137229623,1,0.00254194160136589,34,ok
F8_adv_m0.3000_X0.200,F8,joint_adverse,0.3,NaN,0.2,0.7,2.875,2.125,5.75,4.25,0.2875,0.2125,0.51,0.69,0.995442273439175,1.2,0.792477302204929,0.4052734375,NaN,0.327392578125,NaN,0,0.00333919073319866,34,no operating point for the aggregated pair
F8_adv_m0.4000_X0.200,F8,joint_adverse,0.4,NaN,0.2,0.7,3,2,6,4,0.3,0.2,0.48,0.72,0.995437068259553,1.2,0.792477302204929,0.4052734375,0.42608642578125,0.29327392578125,-0.311703194384759,1,0.0051875309481918,34,ok
F8_adv_m0.5000_X0.200,F8,joint_adverse,0.5,NaN,0.2,0.7,3.125,1.875,6.25,3.75,0.3125,0.1875,0.45,0.75,0.995430375682049,1.2,0.792477302204929,0.4052734375,0.42608642578125,0.25201416015625,-0.408537458816788,1,0.00647188217086553,34,ok
F8_adv_m0.6667_X0.200,F8,joint_adverse,0.666666666666667,NaN,0.2,0.7,3.33333333333333,1.66666666666667,6.66666666666667,3.33333333333333,0.333333333333333,0.166666666666667,0.4,0.8,0.995415915627171,1.2,0.792477302204929,0.4052734375,0.42608642578125,0.172119140625,-0.59604641168887,1,0,34,ok
F8_adv_m1.0000_X0.200,F8,joint_adverse,1,NaN,0.2,0.7,3.75,1.25,7.5,2.5,0.375,0.125,0.3,0.9,NaN,NaN,NaN,NaN,NaN,NaN,NaN,0,NaN,0,no pre-fault operating point found for the two converters
F8_adv_m0.0100_X0.700,F8,joint_adverse,0.01,NaN,0.7,0.7,2.5125,2.4875,5.025,4.975,0.25125,0.24875,0.597,0.603,0.983742714501149,1.2,0.791666666666667,0.40234375,0.42376708984375,0.39910888671875,-0.0581881031254501,1,0,34,ok
F8_adv_m0.0200_X0.700,F8,joint_adverse,0.02,NaN,0.7,0.7,2.525,2.475,5.05,4.95,0.2525,0.2475,0.594,0.606,0.98374246586168,1.2,0.791666666666667,0.40234375,0.42376708984375,0.3988037109375,-0.0589082529166067,1,0,34,ok
F8_adv_m0.0300_X0.700,F8,joint_adverse,0.03,NaN,0.7,0.7,2.5375,2.4625,5.075,4.925,0.25375,0.24625,0.591,0.609,0.983742051461816,1.2,0.791666666666667,0.40234375,0.42376708984375,0.39825439453125,-0.0602045225406885,1,0,34,ok
F8_adv_m0.0500_X0.700,F8,joint_adverse,0.05,NaN,0.7,0.7,2.5625,2.4375,5.125,4.875,0.25625,0.24375,0.585,0.615,0.983740725375927,1.2,0.791666666666667,0.40234375,0.42376708984375,0.39654541015625,-0.0642373613711652,1,0,34,ok
F8_adv_m0.1000_X0.700,F8,joint_adverse,0.1,NaN,0.7,0.7,2.625,2.375,5.25,4.75,0.2625,0.2375,0.57,0.63,0.983734509219946,1.2,0.791666666666667,0.40234375,0.42376708984375,0.3902587890625,-0.0790724470689903,1,0,34,ok
F8_adv_m0.1500_X0.700,F8,joint_adverse,0.15,NaN,0.7,0.7,2.6875,2.3125,5.375,4.625,0.26875,0.23125,0.555,0.645,0.983724148489643,1.2,0.791666666666667,0.40234375,0.42376708984375,0.3822021484375,-0.0980844015555235,1,0,34,ok
F8_adv_m0.2000_X0.700,F8,joint_adverse,0.2,NaN,0.7,0.7,2.75,2.25,5.5,4.5,0.275,0.225,0.54,0.66,0.983709642479372,1.2,0.791666666666667,0.40234375,0.42376708984375,0.372802734375,-0.120265015123146,1,0,34,ok
F8_adv_m0.2500_X0.700,F8,joint_adverse,0.25,NaN,0.7,0.7,2.8125,2.1875,5.625,4.375,0.28125,0.21875,0.525,0.675,0.983690990200954,1.2,0.791666666666667,0.40234375,0.42376708984375,0.3447265625,-0.186518795909549,1,0,34,ok
F8_adv_m0.3000_X0.700,F8,joint_adverse,0.3,NaN,0.7,0.7,2.875,2.125,5.75,4.25,0.2875,0.2125,0.51,0.69,0.983668190383373,1.2,0.791666666666667,0.40234375,0.42376708984375,0.33172607421875,-0.217197177012819,1,0,34,ok
F8_adv_m0.4000_X0.700,F8,joint_adverse,0.4,NaN,0.7,0.7,3,2,6,4,0.3,0.2,0.48,0.72,0.983610141630323,1.2,0.791666666666667,0.40234375,0.42376708984375,0.2987060546875,-0.295117384415959,1,0,34,ok
F8_adv_m0.5000_X0.700,F8,joint_adverse,0.5,NaN,0.7,0.7,3.125,1.875,6.25,3.75,0.3125,0.1875,0.45,0.75,0.98353548037977,1.2,0.791666666666667,0.40234375,0.42376708984375,0.25994873046875,-0.386576407892842,1,0,34,ok
F8_adv_m0.6667_X0.700,F8,joint_adverse,0.666666666666667,NaN,0.7,0.7,3.33333333333333,1.66666666666667,6.66666666666667,3.33333333333333,0.333333333333333,0.166666666666667,0.4,0.8,0.983374070827817,1.2,0.791666666666667,0.40234375,0.4237060546875,0.16571044921875,-0.608902333621435,1,0,34,ok
F8_adv_m1.0000_X0.700,F8,joint_adverse,1,NaN,0.7,0.7,3.75,1.25,7.5,2.5,0.375,0.125,0.3,0.9,NaN,NaN,NaN,NaN,NaN,NaN,NaN,0,NaN,0,no pre-fault operating point found for the two converters
