case,family,description,Xa,Xb,Xsep,Xc,H1,H2,D1,D2,Pref1,Pref2,Imax1,Imax2,ratio_H,ratio_D,ratio_Imax,CCT_agg_EAC,CCT_agg_TD,CCT_per_TD,dCCT_rel,M_agg,I_coh,peak_dw_diff,N_ode45
C1_X_0.010,C1,"separation X_a=X_b=0.0050, homogeneous params",0.005,0.005,0.01,0.7,2.5,2.5,5,5,0.25,0.25,0.6,0.6,1,1,1,0.40625,0.4267578125,0.42578125,-0.0022883295194508,0.794041450777202,0,0,26
C1_X_0.020,C1,"separation X_a=X_b=0.0100, homogeneous params",0.01,0.01,0.02,0.7,2.5,2.5,5,5,0.25,0.25,0.6,0.6,1,1,1,0.40625,0.4267578125,0.42578125,-0.0022883295194508,0.792746113989637,0,0,26
C1_X_0.050,C1,"separation X_a=X_b=0.0250, homogeneous params",0.025,0.025,0.05,0.7,2.5,2.5,5,5,0.25,0.25,0.6,0.6,1,1,1,0.40625,0.4267578125,0.42578125,-0.0022883295194508,0.792746113989637,0,0,26
C1_X_0.100,C1,"separation X_a=X_b=0.0500, homogeneous params",0.05,0.05,0.1,0.7,2.5,2.5,5,5,0.25,0.25,0.6,0.6,1,1,1,0.4052734375,0.42578125,0.423828125,-0.00458715596330275,0.792477302204929,0,0,26
C1_X_0.200,C1,"separation X_a=X_b=0.1000, homogeneous params",0.1,0.1,0.2,0.7,2.5,2.5,5,5,0.25,0.25,0.6,0.6,1,1,1,0.4052734375,0.42578125,0.4208984375,-0.0114678899082569,0.792477302204929,0,0,26
C1_X_0.400,C1,"separation X_a=X_b=0.2000, homogeneous params",0.2,0.2,0.4,0.7,2.5,2.5,5,5,0.25,0.25,0.6,0.6,1,1,1,0.404296875,0.4248046875,0.412109375,-0.0298850574712644,0.792207792207792,0,0,26
C1_X_0.700,C1,"separation X_a=X_b=0.3500, homogeneous params",0.35,0.35,0.7,0.7,2.5,2.5,5,5,0.25,0.25,0.6,0.6,1,1,1,0.40234375,0.4228515625,0.3984375,-0.0577367205542725,0.791666666666667,0,0,26
C1_X_1.000,C1,"separation X_a=X_b=0.5000, homogeneous params",0.5,0.5,1,0.7,2.5,2.5,5,5,0.25,0.25,0.6,0.6,1,1,1,0.4013671875,0.421875,0.38671875,-0.0833333333333333,0.7911227154047,0,0,26
C2_H_0.100_X_0.050,C2,"H_1/H_2 = 0.100, X = 0.050",0.025,0.025,0.05,0.7,0.454545454545455,4.54545454545455,5,5,0.25,0.25,0.6,0.6,0.1,1,1,0.40625,0.4267578125,0.337890625,-0.208237986270023,0.792746113989637,0.0170902874457811,0.746960643716699,26
C2_H_0.250_X_0.050,C2,"H_1/H_2 = 0.250, X = 0.050",0.025,0.025,0.05,0.7,1,4,5,5,0.25,0.25,0.6,0.6,0.25,1,1,0.40625,0.4267578125,0.3505859375,-0.178489702517162,0.792746113989637,0.0119859020198319,0.397592274452317,26
C2_H_0.500_X_0.050,C2,"H_1/H_2 = 0.500, X = 0.050",0.025,0.025,0.05,0.7,1.66666666666667,3.33333333333333,5,5,0.25,0.25,0.6,0.6,0.5,1,1,0.40625,0.4267578125,0.384765625,-0.0983981693363844,0.792746113989637,0.00643468213504977,0.191750351309327,26
C2_H_1.000_X_0.050,C2,"H_1/H_2 = 1.000, X = 0.050",0.025,0.025,0.05,0.7,2.5,2.5,5,5,0.25,0.25,0.6,0.6,1,1,1,0.40625,0.4267578125,0.42578125,-0.0022883295194508,0.792746113989637,0,0,26
C2_H_2.000_X_0.050,C2,"H_1/H_2 = 2.000, X = 0.050",0.025,0.025,0.05,0.7,3.33333333333333,1.66666666666667,5,5,0.25,0.25,0.6,0.6,2,1,1,0.40625,0.4267578125,0.384765625,-0.0983981693363844,0.792746113989637,0.00643468213336734,0.191750351231705,26
C2_H_4.000_X_0.050,C2,"H_1/H_2 = 4.000, X = 0.050",0.025,0.025,0.05,0.7,4,1,5,5,0.25,0.25,0.6,0.6,4,1,1,0.40625,0.4267578125,0.3505859375,-0.178489702517162,0.792746113989637,0.0119859020198319,0.397592274452317,26
C2_H_10.000_X_0.050,C2,"H_1/H_2 = 10.000, X = 0.050",0.025,0.025,0.05,0.7,4.54545454545455,0.454545454545454,5,5,0.25,0.25,0.6,0.6,10,1,1,0.40625,0.4267578125,0.337890625,-0.208237986270023,0.792746113989637,0.0170902876008374,0.746960643796962,26
C2_H_0.100_X_0.200,C2,"H_1/H_2 = 0.100, X = 0.200",0.1,0.1,0.2,0.7,0.454545454545455,4.54545454545455,5,5,0.25,0.25,0.6,0.6,0.1,1,1,0.4052734375,0.42578125,0.35546875,-0.165137614678899,0.792477302204929,0.0632739193649191,1.43392755428727,26
C2_H_0.250_X_0.200,C2,"H_1/H_2 = 0.250, X = 0.200",0.1,0.1,0.2,0.7,1,4,5,5,0.25,0.25,0.6,0.6,0.25,1,1,0.4052734375,0.42578125,0.36328125,-0.146788990825688,0.792477302204929,0.0456102840356072,0.781172661081477,26
C2_H_0.500_X_0.200,C2,"H_1/H_2 = 0.500, X = 0.200",0.1,0.1,0.2,0.7,1.66666666666667,3.33333333333333,5,5,0.25,0.25,0.6,0.6,0.5,1,1,0.4052734375,0.42578125,0.384765625,-0.0963302752293578,0.792477302204929,0.025354077654592,0.390848740403586,26
C2_H_1.000_X_0.200,C2,"H_1/H_2 = 1.000, X = 0.200",0.1,0.1,0.2,0.7,2.5,2.5,5,5,0.25,0.25,0.6,0.6,1,1,1,0.4052734375,0.42578125,0.4208984375,-0.0114678899082569,0.792477302204929,0,0,26
C2_H_2.000_X_0.200,C2,"H_1/H_2 = 2.000, X = 0.200",0.1,0.1,0.2,0.7,3.33333333333333,1.66666666666667,5,5,0.25,0.25,0.6,0.6,2,1,1,0.4052734375,0.42578125,0.384765625,-0.0963302752293578,0.792477302204929,0.0253540776556997,0.390848740470211,26
C2_H_4.000_X_0.200,C2,"H_1/H_2 = 4.000, X = 0.200",0.1,0.1,0.2,0.7,4,1,5,5,0.25,0.25,0.6,0.6,4,1,1,0.4052734375,0.42578125,0.36328125,-0.146788990825688,0.792477302204929,0.0456102840356072,0.781172661081477,26
C2_H_10.000_X_0.200,C2,"H_1/H_2 = 10.000, X = 0.200",0.1,0.1,0.2,0.7,4.54545454545455,0.454545454545454,5,5,0.25,0.25,0.6,0.6,10,1,1,0.4052734375,0.42578125,0.35546875,-0.165137614678899,0.792477302204929,0.0633002055028282,1.4339275544613,26
C2_H_0.100_X_0.700,C2,"H_1/H_2 = 0.100, X = 0.700",0.35,0.35,0.7,0.7,0.454545454545455,4.54545454545455,5,5,0.25,0.25,0.6,0.6,0.1,1,1,0.40234375,0.4228515625,0.375,-0.113163972286374,0.791666666666667,0.212045682592129,2.58060125651385,26
C2_H_0.250_X_0.700,C2,"H_1/H_2 = 0.250, X = 0.700",0.35,0.35,0.7,0.7,1,4,5,5,0.25,0.25,0.6,0.6,0.25,1,1,0.40234375,0.4228515625,0.384765625,-0.0900692840646651,0.791666666666667,0.160086608789534,1.45927755858876,26
C2_H_0.500_X_0.700,C2,"H_1/H_2 = 0.500, X = 0.700",0.35,0.35,0.7,0.7,1.66666666666667,3.33333333333333,5,5,0.25,0.25,0.6,0.6,0.5,1,1,0.40234375,0.4228515625,0.3896484375,-0.0785219399538106,0.791666666666667,0.0896210064730928,0.764859687957621,26
C2_H_1.000_X_0.700,C2,"H_1/H_2 = 1.000, X = 0.700",0.35,0.35,0.7,0.7,2.5,2.5,5,5,0.25,0.25,0.6,0.6,1,1,1,0.40234375,0.4228515625,0.3984375,-0.0577367205542725,0.791666666666667,0,0,26
C2_H_2.000_X_0.700,C2,"H_1/H_2 = 2.000, X = 0.700",0.35,0.35,0.7,0.7,3.33333333333333,1.66666666666667,5,5,0.25,0.25,0.6,0.6,2,1,1,0.40234375,0.4228515625,0.3896484375,-0.0785219399538106,0.791666666666667,0.0896210064692119,0.764859687911036,26
C2_H_4.000_X_0.700,C2,"H_1/H_2 = 4.000, X = 0.700",0.35,0.35,0.7,0.7,4,1,5,5,0.25,0.25,0.6,0.6,4,1,1,0.40234375,0.4228515625,0.384765625,-0.0900692840646651,0.791666666666667,0.160086608789534,1.45927755858876,26
C2_H_10.000_X_0.700,C2,"H_1/H_2 = 10.000, X = 0.700",0.35,0.35,0.7,0.7,4.54545454545455,0.454545454545454,5,5,0.25,0.25,0.6,0.6,10,1,1,0.40234375,0.4228515625,0.375,-0.113163972286374,0.791666666666667,0.212045682595344,2.58060125651627,26
C3_D_0.100_X_0.050,C3,"D_1/D_2 = 0.100, X = 0.050",0.025,0.025,0.05,0.7,2.5,2.5,0.909090909090909,9.09090909090909,0.25,0.25,0.6,0.6,1,0.1,1,0.40625,0.4267578125,0.4052734375,-0.0503432494279176,0.792746113989637,0.00299327728889587,0.0158010390208687,26
C3_D_0.250_X_0.050,C3,"D_1/D_2 = 0.250, X = 0.050",0.025,0.025,0.05,0.7,2.5,2.5,2,8,0.25,0.25,0.6,0.6,1,0.25,1,0.40625,0.4267578125,0.4091796875,-0.0411899313501144,0.792746113989637,0.00223318421723473,0.0114881134289601,26
C3_D_0.500_X_0.050,C3,"D_1/D_2 = 0.500, X = 0.050",0.025,0.025,0.05,0.7,2.5,2.5,3.33333333333333,6.66666666666667,0.25,0.25,0.6,0.6,1,0.5,1,0.40625,0.4267578125,0.4130859375,-0.0320366132723112,0.792746113989637,0.00126515040759911,0.00669785809829726,26
C3_D_1.000_X_0.050,C3,"D_1/D_2 = 1.000, X = 0.050",0.025,0.025,0.05,0.7,2.5,2.5,5,5,0.25,0.25,0.6,0.6,1,1,1,0.40625,0.4267578125,0.42578125,-0.0022883295194508,0.792746113989637,0,0,26
C3_D_2.000_X_0.050,C3,"D_1/D_2 = 2.000, X = 0.050",0.025,0.025,0.05,0.7,2.5,2.5,6.66666666666667,3.33333333333333,0.25,0.25,0.6,0.6,1,2,1,0.40625,0.4267578125,0.4130859375,-0.0320366132723112,0.792746113989637,0.00126515040759778,0.00669785809813384,26
C3_D_4.000_X_0.050,C3,"D_1/D_2 = 4.000, X = 0.050",0.025,0.025,0.05,0.7,2.5,2.5,8,2,0.25,0.25,0.6,0.6,1,4,1,0.40625,0.4267578125,0.4091796875,-0.0411899313501144,0.792746113989637,0.00223318421723473,0.0114881134289601,26
C3_D_10.000_X_0.050,C3,"D_1/D_2 = 10.000, X = 0.050",0.025,0.025,0.05,0.7,2.5,2.5,9.09090909090909,0.909090909090908,0.25,0.25,0.6,0.6,1,10,1,0.40625,0.4267578125,0.4052734375,-0.0503432494279176,0.792746113989637,0.00299327728890231,0.0158010390208738,26
C3_D_0.100_X_0.200,C3,"D_1/D_2 = 0.100, X = 0.200",0.1,0.1,0.2,0.7,2.5,2.5,0.909090909090909,9.09090909090909,0.25,0.25,0.6,0.6,1,0.1,1,0.4052734375,0.42578125,0.4072265625,-0.0435779816513761,0.792477302204929,0.0126854370976053,0.0647235921997171,26
C3_D_0.250_X_0.200,C3,"D_1/D_2 = 0.250, X = 0.200",0.1,0.1,0.2,0.7,2.5,2.5,2,8,0.25,0.25,0.6,0.6,1,0.25,1,0.4052734375,0.42578125,0.4111328125,-0.0344036697247706,0.792477302204929,0.00940979131913933,0.0469921732779919,26
C3_D_0.500_X_0.200,C3,"D_1/D_2 = 0.500, X = 0.200",0.1,0.1,0.2,0.7,2.5,2.5,3.33333333333333,6.66666666666667,0.25,0.25,0.6,0.6,1,0.5,1,0.4052734375,0.42578125,0.4150390625,-0.0252293577981651,0.792477302204929,0.00528909300807667,0.0260381069405304,26
C3_D_1.000_X_0.200,C3,"D_1/D_2 = 1.000, X = 0.200",0.1,0.1,0.2,0.7,2.5,2.5,5,5,0.25,0.25,0.6,0.6,1,1,1,0.4052734375,0.42578125,0.4208984375,-0.0114678899082569,0.792477302204929,0,0,26
C3_D_2.000_X_0.200,C3,"D_1/D_2 = 2.000, X = 0.200",0.1,0.1,0.2,0.7,2.5,2.5,6.66666666666667,3.33333333333333,0.25,0.25,0.6,0.6,1,2,1,0.4052734375,0.42578125,0.4150390625,-0.0252293577981651,0.792477302204929,0.00528909300800695,0.0260381068830267,26
C3_D_4.000_X_0.200,C3,"D_1/D_2 = 4.000, X = 0.200",0.1,0.1,0.2,0.7,2.5,2.5,8,2,0.25,0.25,0.6,0.6,1,4,1,0.4052734375,0.42578125,0.4111328125,-0.0344036697247706,0.792477302204929,0.00940979131913933,0.0469921732779919,26
C3_D_10.000_X_0.200,C3,"D_1/D_2 = 10.000, X = 0.200",0.1,0.1,0.2,0.7,2.5,2.5,9.09090909090909,0.909090909090908,0.25,0.25,0.6,0.6,1,10,1,0.4052734375,0.42578125,0.4072265625,-0.0435779816513761,0.792477302204929,0.012685437097238,0.0647235921894178,26
C3_D_0.100_X_0.700,C3,"D_1/D_2 = 0.100, X = 0.700",0.35,0.35,0.7,0.7,2.5,2.5,0.909090909090909,9.09090909090909,0.25,0.25,0.6,0.6,1,0.1,1,0.40234375,0.4228515625,0.3935546875,-0.069284064665127,0.791666666666667,0.047425208363514,0.221663144792305,26
C3_D_0.250_X_0.700,C3,"D_1/D_2 = 0.250, X = 0.700",0.35,0.35,0.7,0.7,2.5,2.5,2,8,0.25,0.25,0.6,0.6,1,0.25,1,0.40234375,0.4228515625,0.396484375,-0.0623556581986143,0.791666666666667,0.0346868237377107,0.162461440086556,26
C3_D_0.500_X_0.700,C3,"D_1/D_2 = 0.500, X = 0.700",0.35,0.35,0.7,0.7,2.5,2.5,3.33333333333333,6.66666666666667,0.25,0.25,0.6,0.6,1,0.5,1,0.40234375,0.4228515625,0.3984375,-0.0577367205542725,0.791666666666667,0.0192273298003389,0.0901126687190037,26
C3_D_1.000_X_0.700,C3,"D_1/D_2 = 1.000, X = 0.700",0.35,0.35,0.7,0.7,2.5,2.5,5,5,0.25,0.25,0.6,0.6,1,1,1,0.40234375,0.4228515625,0.3984375,-0.0577367205542725,0.791666666666667,0,0,26
C3_D_2.000_X_0.700,C3,"D_1/D_2 = 2.000, X = 0.700",0.35,0.35,0.7,0.7,2.5,2.5,6.66666666666667,3.33333333333333,0.25,0.25,0.6,0.6,1,2,1,0.40234375,0.4228515625,0.3984375,-0.0577367205542725,0.791666666666667,0.0192273298003391,0.0901126687191347,26
C3_D_4.000_X_0.700,C3,"D_1/D_2 = 4.000, X = 0.700",0.35,0.35,0.7,0.7,2.5,2.5,8,2,0.25,0.25,0.6,0.6,1,4,1,0.40234375,0.4228515625,0.396484375,-0.0623556581986143,0.791666666666667,0.0346868237377107,0.162461440086556,26
C3_D_10.000_X_0.700,C3,"D_1/D_2 = 10.000, X = 0.700",0.35,0.35,0.7,0.7,2.5,2.5,9.09090909090909,0.909090909090908,0.25,0.25,0.6,0.6,1,10,1,0.40234375,0.4228515625,0.3935546875,-0.069284064665127,0.791666666666667,0.0474252083635138,0.221663144793098,26
C4_I_0.100_X_0.050,C4,"Imax_1/Imax_2 = 0.100, X = 0.050",0.025,0.025,0.05,0.7,2.5,2.5,5,5,0.25,0.25,0.109090909090909,1.09090909090909,1,1,0.1,NaN,NaN,NaN,NaN,NaN,NaN,NaN,NaN
C4_I_0.250_X_0.050,C4,"Imax_1/Imax_2 = 0.250, X = 0.050",0.025,0.025,0.05,0.7,2.5,2.5,5,5,0.25,0.25,0.24,0.96,1,1,0.25,NaN,NaN,NaN,NaN,NaN,NaN,NaN,NaN
C4_I_0.500_X_0.050,C4,"Imax_1/Imax_2 = 0.500, X = 0.050",0.025,0.025,0.05,0.7,2.5,2.5,5,5,0.25,0.25,0.4,0.8,1,1,0.5,0.40625,0.4267578125,0.2841796875,-0.334096109839817,0.792746113989637,0.00320984571465233,0.0523103833614047,26
C4_I_1.000_X_0.050,C4,"Imax_1/Imax_2 = 1.000, X = 0.050",0.025,0.025,0.05,0.7,2.5,2.5,5,5,0.25,0.25,0.6,0.6,1,1,1,0.40625,0.4267578125,0.42578125,-0.0022883295194508,0.792746113989637,0,0,26
C4_I_2.000_X_0.050,C4,"Imax_1/Imax_2 = 2.000, X = 0.050",0.025,0.025,0.05,0.7,2.5,2.5,5,5,0.25,0.25,0.8,0.4,1,1,2,0.40625,0.4267578125,0.2841796875,-0.334096109839817,0.792746113989637,0.00320984571459426,0.0523103833661707,26
C4_I_4.000_X_0.050,C4,"Imax_1/Imax_2 = 4.000, X = 0.050",0.025,0.025,0.05,0.7,2.5,2.5,5,5,0.25,0.25,0.96,0.24,1,1,4,NaN,NaN,NaN,NaN,NaN,NaN,NaN,NaN
C4_I_10.000_X_0.050,C4,"Imax_1/Imax_2 = 10.000, X = 0.050",0.025,0.025,0.05,0.7,2.5,2.5,5,5,0.25,0.25,1.09090909090909,0.109090909090909,1,1,10,NaN,NaN,NaN,NaN,NaN,NaN,NaN,NaN
C4_I_0.100_X_0.200,C4,"Imax_1/Imax_2 = 0.100, X = 0.200",0.1,0.1,0.2,0.7,2.5,2.5,5,5,0.25,0.25,0.109090909090909,1.09090909090909,1,1,0.1,NaN,NaN,NaN,NaN,NaN,NaN,NaN,NaN
C4_I_0.250_X_0.200,C4,"Imax_1/Imax_2 = 0.250, X = 0.200",0.1,0.1,0.2,0.7,2.5,2.5,5,5,0.25,0.25,0.24,0.96,1,1,0.25,NaN,NaN,NaN,NaN,NaN,NaN,NaN,NaN
C4_I_0.500_X_0.200,C4,"Imax_1/Imax_2 = 0.500, X = 0.200",0.1,0.1,0.2,0.7,2.5,2.5,5,5,0.25,0.25,0.4,0.8,1,1,0.5,0.4052734375,0.42578125,0.2939453125,-0.309633027522936,0.792477302204929,0.00815321327856666,0.0834619098808318,26
C4_I_1.000_X_0.200,C4,"Imax_1/Imax_2 = 1.000, X = 0.200",0.1,0.1,0.2,0.7,2.5,2.5,5,5,0.25,0.25,0.6,0.6,1,1,1,0.4052734375,0.42578125,0.4208984375,-0.0114678899082569,0.792477302204929,0,0,26
C4_I_2.000_X_0.200,C4,"Imax_1/Imax_2 = 2.000, X = 0.200",0.1,0.1,0.2,0.7,2.5,2.5,5,5,0.25,0.25,0.8,0.4,1,1,2,0.4052734375,0.42578125,0.2939453125,-0.309633027522936,0.792477302204929,0.00815321327877472,0.0834619097751382,26
C4_I_4.000_X_0.200,C4,"Imax_1/Imax_2 = 4.000, X = 0.200",0.1,0.1,0.2,0.7,2.5,2.5,5,5,0.25,0.25,0.96,0.24,1,1,4,NaN,NaN,NaN,NaN,NaN,NaN,NaN,NaN
C4_I_10.000_X_0.200,C4,"Imax_1/Imax_2 = 10.000, X = 0.200",0.1,0.1,0.2,0.7,2.5,2.5,5,5,0.25,0.25,1.09090909090909,0.109090909090909,1,1,10,NaN,NaN,NaN,NaN,NaN,NaN,NaN,NaN
C4_I_0.100_X_0.700,C4,"Imax_1/Imax_2 = 0.100, X = 0.700",0.35,0.35,0.7,0.7,2.5,2.5,5,5,0.25,0.25,0.109090909090909,1.09090909090909,1,1,0.1,NaN,NaN,NaN,NaN,NaN,NaN,NaN,NaN
C4_I_0.250_X_0.700,C4,"Imax_1/Imax_2 = 0.250, X = 0.700",0.35,0.35,0.7,0.7,2.5,2.5,5,5,0.25,0.25,0.24,0.96,1,1,0.25,NaN,NaN,NaN,NaN,NaN,NaN,NaN,NaN
C4_I_0.500_X_0.700,C4,"Imax_1/Imax_2 = 0.500, X = 0.700",0.35,0.35,0.7,0.7,2.5,2.5,5,5,0.25,0.25,0.4,0.8,1,1,0.5,0.40234375,0.4228515625,0.302734375,-0.284064665127021,0.791666666666667,0.0213327444554299,0.0891628737422341,26
C4_I_1.000_X_0.700,C4,"Imax_1/Imax_2 = 1.000, X = 0.700",0.35,0.35,0.7,0.7,2.5,2.5,5,5,0.25,0.25,0.6,0.6,1,1,1,0.40234375,0.4228515625,0.3984375,-0.0577367205542725,0.791666666666667,0,0,26
C4_I_2.000_X_0.700,C4,"Imax_1/Imax_2 = 2.000, X = 0.700",0.35,0.35,0.7,0.7,2.5,2.5,5,5,0.25,0.25,0.8,0.4,1,1,2,0.40234375,0.4228515625,0.302734375,-0.284064665127021,0.791666666666667,0.0213327444554292,0.0891628737422372,26
C4_I_4.000_X_0.700,C4,"Imax_1/Imax_2 = 4.000, X = 0.700",0.35,0.35,0.7,0.7,2.5,2.5,5,5,0.25,0.25,0.96,0.24,1,1,4,NaN,NaN,NaN,NaN,NaN,NaN,NaN,NaN
C4_I_10.000_X_0.700,C4,"Imax_1/Imax_2 = 10.000, X = 0.700",0.35,0.35,0.7,0.7,2.5,2.5,5,5,0.25,0.25,1.09090909090909,0.109090909090909,1,1,10,NaN,NaN,NaN,NaN,NaN,NaN,NaN,NaN
C5_jH10.000_jI4.000_X0.050,C5,"joint: H ratio 10.00, Imax ratio 4.00, X=0.050",0.025,0.025,0.05,0.7,4.54545454545455,0.454545454545454,5,5,0.25,0.25,0.96,0.24,10,1,4,NaN,NaN,NaN,NaN,NaN,NaN,NaN,NaN
C5_jH0.100_jI0.250_X0.050,C5,"joint: H ratio 0.10, Imax ratio 0.25, X=0.050",0.025,0.025,0.05,0.7,0.454545454545455,4.54545454545455,5,5,0.25,0.25,0.24,0.96,0.1,1,0.25,NaN,NaN,NaN,NaN,NaN,NaN,NaN,NaN
C5_jH4.000_jI10.000_X0.050,C5,"joint: H ratio 4.00, Imax ratio 10.00, X=0.050",0.025,0.025,0.05,0.7,4,1,5,5,0.25,0.25,1.09090909090909,0.109090909090909,4,1,10,NaN,NaN,NaN,NaN,NaN,NaN,NaN,NaN
C5_jH0.250_jI0.100_X0.050,C5,"joint: H ratio 0.25, Imax ratio 0.10, X=0.050",0.025,0.025,0.05,0.7,1,4,5,5,0.25,0.25,0.109090909090909,1.09090909090909,0.25,1,0.1,NaN,NaN,NaN,NaN,NaN,NaN,NaN,NaN
C5_jH10.000_jI4.000_X0.200,C5,"joint: H ratio 10.00, Imax ratio 4.00, X=0.200",0.1,0.1,0.2,0.7,4.54545454545455,0.454545454545454,5,5,0.25,0.25,0.96,0.24,10,1,4,NaN,NaN,NaN,NaN,NaN,NaN,NaN,NaN
C5_jH0.100_jI0.250_X0.200,C5,"joint: H ratio 0.10, Imax ratio 0.25, X=0.200",0.1,0.1,0.2,0.7,0.454545454545455,4.54545454545455,5,5,0.25,0.25,0.24,0.96,0.1,1,0.25,NaN,NaN,NaN,NaN,NaN,NaN,NaN,NaN
C5_jH4.000_jI10.000_X0.200,C5,"joint: H ratio 4.00, Imax ratio 10.00, X=0.200",0.1,0.1,0.2,0.7,4,1,5,5,0.25,0.25,1.09090909090909,0.109090909090909,4,1,10,NaN,NaN,NaN,NaN,NaN,NaN,NaN,NaN
C5_jH0.250_jI0.100_X0.200,C5,"joint: H ratio 0.25, Imax ratio 0.10, X=0.200",0.1,0.1,0.2,0.7,1,4,5,5,0.25,0.25,0.109090909090909,1.09090909090909,0.25,1,0.1,NaN,NaN,NaN,NaN,NaN,NaN,NaN,NaN
C5_jH10.000_jI4.000_X0.700,C5,"joint: H ratio 10.00, Imax ratio 4.00, X=0.700",0.35,0.35,0.7,0.7,4.54545454545455,0.454545454545454,5,5,0.25,0.25,0.96,0.24,10,1,4,NaN,NaN,NaN,NaN,NaN,NaN,NaN,NaN
C5_jH0.100_jI0.250_X0.700,C5,"joint: H ratio 0.10, Imax ratio 0.25, X=0.700",0.35,0.35,0.7,0.7,0.454545454545455,4.54545454545455,5,5,0.25,0.25,0.24,0.96,0.1,1,0.25,NaN,NaN,NaN,NaN,NaN,NaN,NaN,NaN
C5_jH4.000_jI10.000_X0.700,C5,"joint: H ratio 4.00, Imax ratio 10.00, X=0.700",0.35,0.35,0.7,0.7,4,1,5,5,0.25,0.25,1.09090909090909,0.109090909090909,4,1,10,NaN,NaN,NaN,NaN,NaN,NaN,NaN,NaN
C5_jH0.250_jI0.100_X0.700,C5,"joint: H ratio 0.25, Imax ratio 0.10, X=0.700",0.35,0.35,0.7,0.7,1,4,5,5,0.25,0.25,0.109090909090909,1.09090909090909,0.25,1,0.1,NaN,NaN,NaN,NaN,NaN,NaN,NaN,NaN
C6_homog_X_0.010,C6,"homogeneous baseline at X=0.0100 (reference)",0.005,0.005,0.01,0.7,2.5,2.5,5,5,0.25,0.25,0.6,0.6,1,1,1,0.40625,0.4267578125,0.42578125,-0.0022883295194508,0.794041450777202,0,0,26
C6_homog_X_0.020,C6,"homogeneous baseline at X=0.0200 (reference)",0.01,0.01,0.02,0.7,2.5,2.5,5,5,0.25,0.25,0.6,0.6,1,1,1,0.40625,0.4267578125,0.42578125,-0.0022883295194508,0.792746113989637,0,0,26
C6_homog_X_0.050,C6,"homogeneous baseline at X=0.0500 (reference)",0.025,0.025,0.05,0.7,2.5,2.5,5,5,0.25,0.25,0.6,0.6,1,1,1,0.40625,0.4267578125,0.42578125,-0.0022883295194508,0.792746113989637,0,0,26
C6_homog_X_0.100,C6,"homogeneous baseline at X=0.1000 (reference)",0.05,0.05,0.1,0.7,2.5,2.5,5,5,0.25,0.25,0.6,0.6,1,1,1,0.4052734375,0.42578125,0.423828125,-0.00458715596330275,0.792477302204929,0,0,26
C6_homog_X_0.200,C6,"homogeneous baseline at X=0.2000 (reference)",0.1,0.1,0.2,0.7,2.5,2.5,5,5,0.25,0.25,0.6,0.6,1,1,1,0.4052734375,0.42578125,0.4208984375,-0.0114678899082569,0.792477302204929,0,0,26
C6_homog_X_0.400,C6,"homogeneous baseline at X=0.4000 (reference)",0.2,0.2,0.4,0.7,2.5,2.5,5,5,0.25,0.25,0.6,0.6,1,1,1,0.404296875,0.4248046875,0.412109375,-0.0298850574712644,0.792207792207792,0,0,26
C6_homog_X_0.700,C6,"homogeneous baseline at X=0.7000 (reference)",0.35,0.35,0.7,0.7,2.5,2.5,5,5,0.25,0.25,0.6,0.6,1,1,1,0.40234375,0.4228515625,0.3984375,-0.0577367205542725,0.791666666666667,0,0,26
C6_homog_X_1.000,C6,"homogeneous baseline at X=1.0000 (reference)",0.5,0.5,1,0.7,2.5,2.5,5,5,0.25,0.25,0.6,0.6,1,1,1,0.4013671875,0.421875,0.38671875,-0.0833333333333333,0.7911227154047,0,0,26
