rho,case_id,frame,mode,CCT_s,feasible,censored,MhCL,Vcrit
0,1,thevenin,circular,0.406494140625,1,0,0.794041450777202,0.625146661048113
0,1,thevenin,d-priority,0.565109252929688,1,0,1,1.28938390678116
0,1,thevenin,q-priority,0.29266357421875,1,0,0.401554404145078,0.333828417357856
0,1,converter,circular,0.406494140625,1,0,0.794041450777202,0.625146661048113
0,1,converter,d-priority,0.250091552734375,1,0,0.323834196891192,0.2282004769886
0,1,converter,q-priority,0.521697998046875,1,0,0.97020725388601,1.13210484445482
0,2,thevenin,circular,0.407028198242188,1,0,0.769964243146603,0.743549971191964
0,2,thevenin,d-priority,0.63385009765625,1,0,1,1.58037071257291
0,2,thevenin,q-priority,0.216598510742188,1,0,0.32061978545888,0.331336524087951
0,2,converter,circular,0.407028198242188,1,0,0.769964243146603,0.743549971191964
0,2,converter,d-priority,0.236663818359375,1,0,0.3373063170441,0.260393662921445
0,2,converter,q-priority,0.511627197265625,1,0,0.932061978545888,1.28091853532631
0,3,thevenin,circular,0.444717407226562,1,0,0.822352941176471,0.980891177346298
0,3,thevenin,d-priority,0.644607543945312,1,0,1,1.62482012353744
0,3,thevenin,q-priority,0.274429321289062,1,0,0.441176470588235,0.591191007502825
0,3,converter,circular,0.444717407226562,1,0,0.822352941176471,0.980891177346298
0,3,converter,d-priority,0.2679443359375,1,0,0.34,0.380967248230209
0,3,converter,q-priority,0.511474609375,1,0,0.927058823529412,1.23229622827197
0,4,thevenin,circular,0.535888671875,1,0,0.939119170984456,1.24329291123314
0,4,thevenin,d-priority,0.580062866210938,1,0,1,1.46319945887824
0,4,thevenin,q-priority,0.456466674804688,1,0,0.650259067357513,0.926603296266994
0,4,converter,circular,0.535888671875,1,0,0.939119170984456,1.24329291123314
0,4,converter,d-priority,0.486984252929688,1,0,0.827720207253886,1.05144212629586
0,4,converter,q-priority,0.624008178710938,1,0,1.0440414507772,1.83017093188506
0.08,1,thevenin,circular,0.521621704101562,1,0,0.738181818181818,0.651023588584218
0.08,1,thevenin,d-priority,0.687026977539062,1,0,0.896969696969697,1.30037835092378
0.08,1,thevenin,q-priority,0.357131958007812,1,0,0.357575757575758,0.332437473394371
0.08,1,converter,circular,0.521621704101562,1,0,0.738181818181818,0.651023588584218
0.08,1,converter,d-priority,0.316009521484375,1,0,0.332121212121212,0.247510537388602
0.08,1,converter,q-priority,0.671539306640625,1,0,0.936969696969697,1.26130137208052
0.08,2,thevenin,circular,0.47760009765625,1,0,0.705948372615039,0.73750528650732
0.08,2,thevenin,d-priority,0.732040405273438,1,0,0.894500561167228,1.58593991494543
0.08,2,thevenin,q-priority,0.232772827148438,1,0,0.280583613916947,0.312252982479317
0.08,2,converter,circular,0.47760009765625,1,0,0.705948372615039,0.73750528650732
0.08,2,converter,d-priority,0.29876708984375,1,0,0.336700336700337,0.294472874891944
0.08,2,converter,q-priority,0.596923828125,1,0,0.897867564534231,1.39524799867
0.08,3,thevenin,circular,0.562057495117188,1,0,0.763754045307443,1.07972881335808
0.08,3,thevenin,d-priority,0.807342529296875,1,0,0.898597626752967,1.74076472880678
0.08,3,thevenin,q-priority,0.318679809570312,1,0,0.39697950377562,0.636926468517275
0.08,3,converter,circular,0.562057495117188,1,0,0.763754045307443,1.07972881335808
0.08,3,converter,d-priority,0.33660888671875,1,0,0.35059331175836,0.426696560982164
0.08,3,converter,q-priority,0.635986328125,1,0,0.888888888888889,1.47192865328168
0.08,4,thevenin,circular,0.738983154296875,1,0,0.906666666666667,1.39422810121828
0.08,4,thevenin,d-priority,0.780258178710938,1,0,0.936969696969697,1.57744002246976
0.08,4,thevenin,q-priority,0.581436157226562,1,0,0.592727272727273,0.990281700180076
0.08,4,converter,circular,0.738983154296875,1,0,0.906666666666667,1.39422810121828
0.08,4,converter,d-priority,0.642852783203125,1,0,0.774545454545455,1.13834132210806
0.08,4,converter,q-priority,0.858078002929688,1,0,1.02181818181818,2.1096898905674
