kV,CCT_circular,CCT_d_priority,CCT_q_priority,M_circular,M_d_priority,M_q_priority
0.05,0.318359375,0.4365234375,0.234375,0.794041450777202,1,0.401554404145078
0.1,0.33984375,0.470703125,0.24609375,0.794041450777202,1,0.401554404145078
0.15,0.3681640625,0.5126953125,0.267578125,0.794041450777202,1,0.401554404145078
0.2,0.40625,0.564453125,0.2919921875,0.794041450777202,1,0.401554404145078
0.3,0.521484375,0.7294921875,0.34765625,0.794041450777202,1,0.401554404145078
0.4,0.8193359375,1.2705078125,0.4501953125,0.794041450777202,1,0.401554404145078
0.5,2,2,2,0.794041450777202,1,0.401554404145078
0.6,2,2,2,0.794041450777202,1,0.401554404145078
0.7,2,2,2,0.794041450777202,1,0.401554404145078
0.8,2,2,2,0.794041450777202,1,0.401554404145078
0.9,2,2,2,0.794041450777202,1,0.401554404145078
