Case,Mode,CCT_s,MhCL,dCCT_vs_circ_s,dCCT_rel_pct,dM_vs_circ,dM_rel_pct
1,circular,0.40625,0.794041450777202,0,0,0,0
2,circular,0.40625,0.769964243146603,0,0,0,0
3,circular,0.4443359375,0.822352941176471,0,0,0,0
4,circular,0.53515625,0.939119170984456,0,0,0,0
1,d-priority,0.564453125,1,0.158203125,38.9423076923077,0.205958549222798,25.9380097879282
2,d-priority,0.6337890625,1,0.2275390625,56.0096153846154,0.230035756853397,29.8761609907121
3,d-priority,0.64453125,1,0.2001953125,45.0549450549451,0.177647058823529,21.6022889842632
4,d-priority,0.580078125,1,0.044921875,8.39416058394161,0.060880829015544,6.48275862068965
1,q-priority,0.2919921875,0.401554404145078,-0.1142578125,-28.125,-0.392487046632124,-49.4290375203915
2,q-priority,0.2158203125,0.32061978545888,-0.1904296875,-46.875,-0.449344457687723,-58.359133126935
3,q-priority,0.2744140625,0.441176470588235,-0.169921875,-38.2417582417582,-0.381176470588235,-46.3519313304721
4,q-priority,0.4560546875,0.650259067357513,-0.0791015625,-14.7810218978102,-0.288860103626943,-30.7586206896552
