quantity,family,Xsep,bound_pct,max_admissible,err_at_max,next_tested,err_at_next
"X_sep  electrical separation",F1,NaN,1,0.15,0.830350751610594,0.2,1.1889414124051
"X_sep  electrical separation",F1,NaN,2,0.2,1.1889414124051,0.3,2.02179523946085
"X_sep  electrical separation",F1,NaN,5,0.55,4.39971243709561,0.7,5.81881031254501
"X_sep  electrical separation",F1,NaN,10,1,8.38392599017057,NaN,NaN
"H  inertia",F2,0.05,1,0.002,0.80091533180778,0.005,1.08695652173913
"H  inertia",F2,0.2,1,0,0,0.001,1.20326600773528
"H  inertia",F2,0.7,1,0,0,0.001,5.81881031254501
"D  damping",F3,0.05,1,0.02,0.943935926773455,0.03,1.08695652173913
"D  damping",F3,0.2,1,0,0,0.001,1.1889414124051
"D  damping",F3,0.7,1,0,0,0.001,5.81881031254501
"Imax  current limit",F4,0.05,1,0.001,0.886727688787185,0.002,1.12986270022883
"Imax  current limit",F4,0.2,1,0,0,0.001,1.23191519839565
"Imax  current limit",F4,0.7,1,0,0,0.001,5.81881031254501
"Pref  pre-fault dispatch",F5,0.05,1,0.001,0.80091533180778,0.002,1.00114416475973
"Pref  pre-fault dispatch",F5,0.2,1,0,0,0.001,1.21759060306546
"Pref  pre-fault dispatch",F5,0.7,1,0,0,0.001,5.81881031254501
"E  internal EMF magnitude",F7,0.05,1,0.001,0.872425629290618,0.002,1.01544622425629
"E  internal EMF magnitude",F7,0.2,1,0,0,0.001,1.20326600773528
"E  internal EMF magnitude",F7,0.7,1,0,0,0.001,5.81881031254501
"all four, aligned",F6,0.05,1,0.666666666666667,0.815217391304348,1,3.93306636155606
"all four, aligned",F6,0.2,1,0,0,0.01,1.20326600773528
"all four, aligned",F6,0.7,1,0,0,0.01,5.81881031254501
"all four, adverse",F8,0.05,1,0,0,0.01,2.78890160183066
"all four, adverse",F8,0.2,1,0,0,0.01,1.9051711789142
"all four, adverse",F8,0.7,1,0,0,0.01,5.81881031254501
"H  inertia",F2,0.05,2,0.02,1.80205949656751,0.03,2.13100686498856
"H  inertia",F2,0.2,2,0.05,1.8192236069331,0.075,2.13436470419711
"H  inertia",F2,0.7,2,0,0,0.001,5.81881031254501
"D  damping",F3,0.05,2,0.15,1.84496567505721,0.2,2.03089244851259
"D  damping",F3,0.2,2,0.4,1.97679415556511,0.5,2.16301389485747
"D  damping",F3,0.7,2,0,0,0.001,5.81881031254501
"Imax  current limit",F4,0.05,2,0.005,1.58752860411899,0.01,2.08810068649886
"Imax  current limit",F4,0.2,2,0.02,1.87652198825383,0.03,2.19166308551783
"Imax  current limit",F4,0.7,2,0,0,0.001,5.81881031254501
"Pref  pre-fault dispatch",F5,0.05,2,0.01,1.84496567505721,0.02,2.43135011441648
"Pref  pre-fault dispatch",F5,0.2,2,0.02,1.74760063028219,0.03,2.00544334622547
"Pref  pre-fault dispatch",F5,0.7,2,0,0,0.001,5.81881031254501
"E  internal EMF magnitude",F7,0.05,2,0.01,1.01544622425629,0.02,2.18821510297483
"E  internal EMF magnitude",F7,0.2,2,0.03,1.74760063028219,0.05,2.07706632287638
"E  internal EMF magnitude",F7,0.7,2,0,0,0.001,5.81881031254501
"all four, aligned",F6,0.05,2,0.666666666666667,0.815217391304348,1,3.93306636155606
"all four, aligned",F6,0.2,2,0.2,1.91949577424438,0.25,2.14868929952729
"all four, aligned",F6,0.7,2,0,0,0.01,5.81881031254501
"all four, adverse",F8,0.05,2,0,0,0.01,2.78890160183066
"all four, adverse",F8,0.2,2,0.01,1.9051711789142,0.02,2.57842715943275
"all four, adverse",F8,0.7,2,0,0,0.01,5.81881031254501
"H  inertia",F2,0.05,5,0.15,4.44794050343249,0.2,5.17734553775744
"H  inertia",F2,0.2,5,0.25,4.58387050565821,0.3,5.28577567683713
"H  inertia",F2,0.7,5,0,0,0.001,5.81881031254501
"D  damping",F3,0.05,5,1.63636363636364,4.83409610983982,NaN,NaN
"D  damping",F3,0.2,5,1.63636363636364,4.38332617103567,NaN,NaN
"D  damping",F3,0.7,5,0,0,0.001,5.81881031254501
"Imax  current limit",F4,0.05,5,0.075,4.86270022883295,0.1,5.57780320366133
"Imax  current limit",F4,0.2,5,0.125,4.95630998424295,0.15,5.68686434608222
"Imax  current limit",F4,0.7,5,0,0,0.001,5.81881031254501
"Pref  pre-fault dispatch",F5,0.05,5,0.1,4.87700228832952,0.125,5.40617848970252
"Pref  pre-fault dispatch",F5,0.2,5,0.15,4.78441484028076,0.2,5.85875949004441
"Pref  pre-fault dispatch",F5,0.7,5,0,0,0.001,5.81881031254501
"E  internal EMF magnitude",F7,0.05,5,0.03,2.18821510297483,0.05,93.0679785330948
"E  internal EMF magnitude",F7,0.2,5,0.125,2.07706632287638,0.15,41.5921288014311
"E  internal EMF magnitude",F7,0.7,5,0,0,0.001,5.81881031254501
"all four, aligned",F6,0.05,5,1,3.93306636155606,NaN,NaN
"all four, aligned",F6,0.2,5,0.25,2.14868929952729,0.3,NaN
"all four, aligned",F6,0.7,5,0,0,0.01,5.81881031254501
"all four, adverse",F8,0.05,5,0.03,4.51945080091533,0.05,5.77803203661327
"all four, adverse",F8,0.2,5,0.05,4.48359833834694,0.1,7.52041254834551
"all four, adverse",F8,0.7,5,0,0,0.01,5.81881031254501
"H  inertia",F2,0.05,10,0.666666666666667,9.83981693363844,0.8,11.012585812357
"H  inertia",F2,0.2,10,0.666666666666667,9.69775103853316,0.8,10.9010170462684
"H  inertia",F2,0.7,10,1.2,9.07388736857266,1.4,10.0388880887225
"D  damping",F3,0.05,10,1.63636363636364,4.83409610983982,NaN,NaN
"D  damping",F3,0.2,10,1.63636363636364,4.38332617103567,NaN,NaN
"D  damping",F3,0.7,10,1.63636363636364,6.94224398674924,NaN,NaN
"Imax  current limit",F4,0.05,10,0.25,9.45366132723112,0.3,13.5297482837529
"Imax  current limit",F4,0.2,10,0.25,8.62340638876952,0.3,10.1274888984386
"Imax  current limit",F4,0.7,10,0.3,9.53478323491286,0.35,10.7158288924096
"Pref  pre-fault dispatch",F5,0.05,10,0.35,9.36784897025172,0.4,10.1830663615561
"Pref  pre-fault dispatch",F5,0.2,10,0.25,6.8901303538175,0.3,NaN
"Pref  pre-fault dispatch",F5,0.7,10,0.35,9.47717125162034,0.4,10.1973210427769
"E  internal EMF magnitude",F7,0.05,10,0.03,2.18821510297483,0.05,93.0679785330948
"E  internal EMF magnitude",F7,0.2,10,0.125,2.07706632287638,0.15,41.5921288014311
"E  internal EMF magnitude",F7,0.7,10,0.15,9.31873829756589,0.2,11.1191127754573
"all four, aligned",F6,0.05,10,1,3.93306636155606,NaN,NaN
"all four, aligned",F6,0.2,10,0.25,2.14868929952729,0.3,NaN
"all four, aligned",F6,0.7,10,0.666666666666667,9.46413137424373,1,12.0875954473419
"all four, adverse",F8,0.05,10,0.1,8.43821510297483,0.15,10.7980549199085
"all four, adverse",F8,0.2,10,0.1,7.52041254834551,0.15,10.4426299957026
"all four, adverse",F8,0.7,10,0.15,9.80844015555235,0.2,12.0265015123146
