param,rho,case_id,X0,Xnet,Rnet,Znet_mag,mode,CCT_s,feasible,censored,limiter_active,I0max_over_Imax,MhCL,Vcrit,A_acc_faulton,frac_negIP0,delta_SEP_post_deg,delta_UEP_post_deg,Delta_lim_deg,Delta_ref_deg
A_constZ,0,1,0.7,0.7,0,0.7,circular,0.406494140625,1,0,1,2.38095238095238,0.794041450777202,0.625146661048113,0.573483703604438,0,20.440220110055,130.835417708854,110.395197598799,139.029514757379
A_constZ,0,1,0.7,0.7,0,0.7,d-priority,0.565109252929688,1,0,1,2.38095238095238,1,1.28938390678116,0.712732334630296,0,20.440220110055,159.469734867434,139.029514757379,139.029514757379
A_constZ,0,1,0.7,0.7,0,0.7,q-priority,0.29266357421875,1,0,1,2.38095238095238,0.401554404145078,0.333828417357856,0.301479102925277,0,20.440220110055,76.2681340670335,55.8279139569785,139.029514757379
A_constZ,0,2,0.5,0.5,0,0.5,circular,0.407028198242188,1,0,1,3.33333333333333,0.769964243146603,0.743549971191964,0.61571870054003,0,14.4972486243121,130.835417708854,116.338169084542,151.095547773887
A_constZ,0,2,0.5,0.5,0,0.5,d-priority,0.63385009765625,1,0,1,3.33333333333333,1,1.58037071257291,0.738771774988913,0,14.4972486243121,165.592796398199,151.095547773887,151.095547773887
A_constZ,0,2,0.5,0.5,0,0.5,q-priority,0.216598510742188,1,0,1,3.33333333333333,0.32061978545888,0.331336524087951,0.354358660527922,0,14.4972486243121,62.9414707353677,48.4442221110555,151.095547773887
A_constZ,0,3,0.7,0.7,0,0.7,circular,0.444717407226562,1,0,1,2.97619047619048,0.822352941176471,0.980891177346298,0.677954880134625,0,13.4167083541771,139.299649824912,125.882941470735,153.076538269135
A_constZ,0,3,0.7,0.7,0,0.7,d-priority,0.644607543945312,1,0,1,2.97619047619048,1,1.62482012353744,0.74371181543312,0,13.4167083541771,166.493246623312,153.076538269135,153.076538269135
A_constZ,0,3,0.7,0.7,0,0.7,q-priority,0.274429321289062,1,0,1,2.97619047619048,0.441176470588235,0.591191007502825,0.479057977551007,0,13.4167083541771,80.9504752376188,67.5337668834417,153.076538269135
A_constZ,0,4,0.7,0.7,0,0.7,circular,0.535888671875,1,0,1,1.42857142857143,0.939119170984456,1.24329291123314,0.621767937299332,0,20.440220110055,151.005502751376,130.565282641321,139.029514757379
A_constZ,0,4,0.7,0.7,0,0.7,d-priority,0.580062866210938,1,0,1,1.42857142857143,1,1.46319945887824,0.677969224210873,0,20.440220110055,159.469734867434,139.029514757379,139.029514757379
A_constZ,0,4,0.7,0.7,0,0.7,q-priority,0.456466674804688,1,0,1,1.42857142857143,0.650259067357513,0.926603296266994,0.41953880491919,0,20.440220110055,110.845422711356,90.4052026013006,139.029514757379
A_constZ,0.02,1,0.7,0.699860041986005,0.0139972008397201,0.7,circular,0.430374145507812,1,0,1,2.38095238095238,0.779617834394905,0.63257157026785,0.53326194814321,0,20.440220110055,130.655327663832,110.215107553777,141.370685342671
A_constZ,0.02,1,0.7,0.699860041986005,0.0139972008397201,0.7,d-priority,0.590438842773438,1,0,1,2.38095238095238,0.973248407643312,1.29587489937749,0.655906160498812,0,20.440220110055,158.029014507254,137.588794397199,141.370685342671
A_constZ,0.02,1,0.7,0.699860041986005,0.0139972008397201,0.7,q-priority,0.306320190429688,1,0,1,2.38095238095238,0.389808917197452,0.334015181051341,0.276462795142355,0,20.440220110055,75.5477738869435,55.1075537768884,141.370685342671
A_constZ,0.02,2,0.5,0.499900029990004,0.00999800059980007,0.5,circular,0.422592163085938,1,0,1,3.33333333333333,0.752347417840376,0.742920774977977,0.580336928173542,0,14.4972486243121,129.934967483742,115.43771885943,153.43671835918
A_constZ,0.02,2,0.5,0.499900029990004,0.00999800059980007,0.5,d-priority,0.655670166015625,1,0,1,3.33333333333333,0.971830985915493,1.58396775082299,0.688791541118369,0,14.4972486243121,163.611805902951,149.114557278639,153.43671835918
A_constZ,0.02,2,0.5,0.499900029990004,0.00999800059980007,0.5,q-priority,0.22003173828125,1,0,1,3.33333333333333,0.309859154929578,0.326781486113698,0.333629093639426,0,14.4972486243121,62.0410205102551,47.543771885943,153.43671835918
A_constZ,0.02,3,0.7,0.699860041986005,0.0139972008397201,0.7,circular,0.469512939453125,1,0,1,2.97619047619048,0.806674338319908,1.00656770501589,0.635499903102174,0,12.8764382191096,139.11955977989,126.24312156078,156.498249124562
A_constZ,0.02,3,0.7,0.699860041986005,0.0139972008397201,0.7,d-priority,0.6787109375,1,0,1,2.97619047619048,0.972382048331415,1.65563250876437,0.684722462245873,0,12.8764382191096,165.052526263132,152.176088044022,156.498249124562
A_constZ,0.02,3,0.7,0.699860041986005,0.0139972008397201,0.7,q-priority,0.283966064453125,1,0,1,2.97619047619048,0.429228998849252,0.603474481248565,0.451276218253319,0,12.8764382191096,80.0500250125062,67.1735867933967,156.498249124562
A_constZ,0.02,4,0.7,0.699860041986005,0.0139972008397201,0.7,circular,0.5743408203125,1,0,1,1.42857142857143,0.931210191082802,1.28214095513275,0.563779470474056,0,20.440220110055,152.086043021511,131.645822911456,141.370685342671
A_constZ,0.02,4,0.7,0.699860041986005,0.0139972008397201,0.7,d-priority,0.617904663085938,1,0,1,1.42857142857143,0.98343949044586,1.49344548147315,0.608769300529639,0,20.440220110055,159.469734867434,139.029514757379,141.370685342671
A_constZ,0.02,4,0.7,0.699860041986005,0.0139972008397201,0.7,q-priority,0.481948852539062,1,0,1,1.42857142857143,0.635668789808917,0.944426470606326,0.375979015103388,0,20.440220110055,110.305152576288,89.8649324662331,141.370685342671
A_constZ,0.05,1,0.7,0.699126637214491,0.0349563318607246,0.7,circular,0.471649169921875,1,0,1,2.38095238095238,0.758064516129032,0.642517214291817,0.474129174566842,0,20.2601300650325,130.295147573787,110.035017508754,145.152576288144
A_constZ,0.05,1,0.7,0.699126637214491,0.0349563318607246,0.7,d-priority,0.633621215820312,1,0,1,2.38095238095238,0.933002481389578,1.30109048900321,0.572806853361232,0,20.2601300650325,155.687843921961,135.427713856928,145.152576288144
A_constZ,0.05,1,0.7,0.699126637214491,0.0349563318607246,0.7,q-priority,0.329742431640625,1,0,1,2.38095238095238,0.373449131513648,0.333614358757398,0.241189464701483,0,20.2601300650325,74.4672336168084,54.2071035517759,145.152576288144
A_constZ,0.05,2,0.5,0.499376169438922,0.0249688084719461,0.5,circular,0.44830322265625,1,0,1,3.33333333333333,0.729357798165138,0.740863605352386,0.530990637971001,0,14.3171585792897,128.854427213607,114.537268634317,157.03851925963
A_constZ,0.05,2,0.5,0.499376169438922,0.0249688084719461,0.5,d-priority,0.691604614257812,1,0,1,3.33333333333333,0.932339449541284,1.5866344660435,0.617700925045826,0,14.3171585792897,160.730365182591,146.413206603302,157.03851925963
A_constZ,0.05,2,0.5,0.499376169438922,0.0249688084719461,0.5,q-priority,0.226364135742188,1,0,1,3.33333333333333,0.294724770642202,0.319658696166086,0.30454453553157,0,14.3171585792897,60.600300150075,46.2831415707854,157.03851925963
A_constZ,0.05,3,0.7,0.699126637214491,0.0349563318607246,0.7,circular,0.51177978515625,1,0,1,2.97619047619048,0.783964365256125,1.04390392336822,0.57171611797284,0,11.975987993997,138.759379689845,126.783391695848,161.720860430215
A_constZ,0.05,3,0.7,0.699126637214491,0.0349563318607246,0.7,d-priority,0.736770629882812,1,0,1,2.97619047619048,0.934298440979956,1.6996136434489,0.599248005547343,0,11.975987993997,163.071535767884,151.095547773887,161.720860430215
A_constZ,0.05,3,0.7,0.699126637214491,0.0349563318607246,0.7,q-priority,0.30059814453125,1,0,1,2.97619047619048,0.413140311804009,0.620829486482199,0.411184687556326,0,11.975987993997,78.7893946973487,66.8134067033517,161.720860430215
A_constZ,0.05,4,0.7,0.699126637214491,0.0349563318607246,0.7,circular,0.644607543945312,1,0,1,1.42857142857143,0.918114143920596,1.33907259161318,0.475320692716934,0,20.2601300650325,153.526763381691,133.266633316658,145.152576288144
A_constZ,0.05,4,0.7,0.699126637214491,0.0349563318607246,0.7,d-priority,0.687179565429688,1,0,1,1.42857142857143,0.959057071960298,1.53673436030547,0.506628770352402,0,20.2601300650325,159.469734867434,139.209604802401,145.152576288144
A_constZ,0.05,4,0.7,0.699126637214491,0.0349563318607246,0.7,q-priority,0.526275634765625,1,0,1,1.42857142857143,0.614143920595534,0.968807774946256,0.312945848585671,0,20.2601300650325,109.404702351176,89.1445722861431,145.152576288144
A_constZ,0.08,1,0.7,0.697770694975287,0.055821655598023,0.7,circular,0.521621704101562,1,0,1,2.38095238095238,0.738181818181818,0.651023588584218,0.414733402792464,0,20.2601300650325,129.934967483742,109.674837418709,148.574287143572
A_constZ,0.08,1,0.7,0.697770694975287,0.055821655598023,0.7,d-priority,0.687026977539062,1,0,1,2.38095238095238,0.896969696969697,1.30037835092378,0.492453294738883,0,20.2601300650325,153.526763381691,133.266633316658,148.574287143572
A_constZ,0.08,1,0.7,0.697770694975287,0.055821655598023,0.7,q-priority,0.357131958007812,1,0,1,2.38095238095238,0.357575757575758,0.332437473394371,0.206200668278081,0,20.2601300650325,73.3866933466733,53.1265632816408,148.574287143572
A_constZ,0.08,2,0.5,0.498407639268062,0.039872611141445,0.5,circular,0.47760009765625,1,0,1,3.33333333333333,0.705948372615039,0.73750528650732,0.480668783523134,0,14.3171585792897,127.593796898449,113.27663831916,160.460230115058
A_constZ,0.08,2,0.5,0.498407639268062,0.039872611141445,0.5,d-priority,0.732040405273438,1,0,1,3.33333333333333,0.894500561167228,1.58593991494543,0.54811474778724,0,14.3171585792897,157.848924462231,143.531765882941,160.460230115058
A_constZ,0.08,2,0.5,0.498407639268062,0.039872611141445,0.5,q-priority,0.232772827148438,1,0,1,3.33333333333333,0.280583613916947,0.312252982479317,0.275875948461709,0,14.3171585792897,59.3396698349174,45.0225112556278,160.460230115058
A_constZ,0.08,3,0.7,0.697770694975287,0.055821655598023,0.7,circular,0.562057495117188,1,0,1,2.97619047619048,0.763754045307443,1.07972881335808,0.508742253086619,0,11.0755377688844,138.579289644822,127.503751875938,166.943471735868
A_constZ,0.08,3,0.7,0.697770694975287,0.055821655598023,0.7,d-priority,0.807342529296875,1,0,1,2.97619047619048,0.898597626752967,1.74076472880678,0.515304431404702,0,11.0755377688844,161.090545272636,150.015007503752,166.943471735868
A_constZ,0.08,3,0.7,0.697770694975287,0.055821655598023,0.7,q-priority,0.318679809570312,1,0,1,2.97619047619048,0.39697950377562,0.636926468517275,0.371141812267389,0,11.0755377688844,77.3486743371686,66.2731365682841,166.943471735868
A_constZ,0.08,4,0.7,0.697770694975287,0.055821655598023,0.7,circular,0.738983154296875,1,0,1,1.42857142857143,0.906666666666667,1.39422810121828,0.384219284875453,0,20.2601300650325,154.967483741871,134.707353676838,148.574287143572
A_constZ,0.08,4,0.7,0.697770694975287,0.055821655598023,0.7,d-priority,0.780258178710938,1,0,1,1.42857142857143,0.936969696969697,1.57744002246976,0.40424315588808,0,20.2601300650325,159.469734867434,139.209604802401,148.574287143572
A_constZ,0.08,4,0.7,0.697770694975287,0.055821655598023,0.7,q-priority,0.581436157226562,1,0,1,1.42857142857143,0.592727272727273,0.990281700180076,0.250420573444035,0,20.2601300650325,108.324162081041,88.064032016008,148.574287143572
A_constZ,0.1,1,0.7,0.696526033146992,0.0696526033146992,0.7,circular,0.561447143554688,1,0,1,2.38095238095238,0.725536992840095,0.655891923066386,0.375988072754778,0,20.2601300650325,129.754877438719,109.494747373687,150.915457728864
A_constZ,0.1,1,0.7,0.696526033146992,0.0696526033146992,0.7,d-priority,0.72998046875,1,0,1,2.38095238095238,0.873508353221957,1.2962270515188,0.440484133704258,0,20.2601300650325,152.086043021511,131.825912956478,150.915457728864
A_constZ,0.1,1,0.7,0.696526033146992,0.0696526033146992,0.7,q-priority,0.378341674804688,1,0,1,2.38095238095238,0.346062052505967,0.331243330545438,0.183220760670779,0,20.2601300650325,72.4862431215608,52.2261130565283,150.915457728864
A_constZ,0.1,2,0.5,0.497518595104995,0.0497518595104995,0.5,circular,0.49957275390625,1,0,1,3.33333333333333,0.690265486725664,0.734561830188448,0.447622838150029,0,14.3171585792897,126.693346673337,112.376188094047,162.80140070035
A_constZ,0.1,2,0.5,0.497518595104995,0.0497518595104995,0.5,d-priority,0.762481689453125,1,0,1,3.33333333333333,0.870575221238938,1.58356256211544,0.503932047359809,0,14.3171585792897,156.048024012006,141.730865432716,162.80140070035
A_constZ,0.1,2,0.5,0.497518595104995,0.0497518595104995,0.5,q-priority,0.237579345703125,1,0,1,3.33333333333333,0.27212389380531,0.30717100434738,0.25782790974255,0,14.3171585792897,58.6193096548274,44.3021510755378,162.80140070035
A_constZ,0.1,3,0.7,0.696526033146992,0.0696526033146992,0.7,circular,0.601425170898438,1,0,1,2.97619047619048,0.750528541226216,1.10272136433599,0.466073861278812,0,10.5352676338169,138.3991995998,127.863931965983,170.365182591296
A_constZ,0.1,3,0.7,0.696526033146992,0.0696526033146992,0.7,d-priority,0.864105224609375,1,0,1,2.97619047619048,0.875264270613108,1.76657510350707,0.459364856065846,0,10.5352676338169,159.649824912456,149.114557278639,170.365182591296
A_constZ,0.1,3,0.7,0.696526033146992,0.0696526033146992,0.7,q-priority,0.331573486328125,1,0,1,2.97619047619048,0.386892177589852,0.646955302889706,0.344681936737566,0,10.5352676338169,76.448224112056,65.9129564782391,170.365182591296
A_constZ,0.1,4,0.7,0.696526033146992,0.0696526033146992,0.7,circular,0.824661254882812,1,0,1,1.42857142857143,0.898568019093079,1.42992433977668,0.32258624137013,0,20.2601300650325,155.867933966983,135.607803901951,150.915457728864
A_constZ,0.1,4,0.7,0.696526033146992,0.0696526033146992,0.7,d-priority,0.864715576171875,1,0,1,1.42857142857143,0.922434367541766,1.60309934783142,0.336639674272735,0,20.2601300650325,159.469734867434,139.209604802401,150.915457728864
A_constZ,0.1,4,0.7,0.696526033146992,0.0696526033146992,0.7,q-priority,0.62713623046875,1,0,1,1.42857142857143,0.578758949880668,1.00294485175165,0.210088005099792,0,20.2601300650325,107.60380190095,87.3436718359179,150.915457728864
A_constZ,0.15,1,0.7,0.692255447007808,0.103838317051171,0.7,circular,0.696258544921875,1,0,1,2.38095238095238,0.694603903559127,0.665287148158716,0.281015655101115,0,20.08004002001,129.034517258629,108.954477238619,156.858429214607
A_constZ,0.15,1,0.7,0.692255447007808,0.103838317051171,0.7,d-priority,0.87982177734375,1,0,1,2.38095238095238,0.817451205510907,1.26962177262748,0.316402769319856,0,20.08004002001,148.304152076038,128.224112056028,156.858429214607
A_constZ,0.15,1,0.7,0.692255447007808,0.103838317051171,0.7,q-priority,0.447158813476562,1,0,1,2.38095238095238,0.322617680826636,0.326938096445253,0.130984498537149,0,20.08004002001,70.6853426713357,50.6053026513257,156.858429214607
A_constZ,0.15,2,0.5,0.494468176434149,0.0741702264651223,0.5,circular,0.565109252929688,1,0,1,3.33333333333333,0.655614973262032,0.724856190510478,0.369237346536716,0,14.3171585792897,124.712356178089,110.395197598799,168.384192096048
A_constZ,0.15,2,0.5,0.494468176434149,0.0741702264651223,0.5,d-priority,0.85479736328125,1,0,1,3.33333333333333,0.813903743315508,1.57075056526591,0.397977006969236,0,14.3171585792897,151.365682841421,137.048524262131,168.384192096048
A_constZ,0.15,2,0.5,0.494468176434149,0.0741702264651223,0.5,q-priority,0.25115966796875,1,0,1,3.33333333333333,0.250267379679144,0.294109229373258,0.213648613644548,0,14.3171585792897,56.4582291145573,42.1410705352676,168.384192096048
A_constZ,0.15,3,0.7,0.692255447007808,0.103838317051171,0.7,circular,0.730514526367188,1,0,1,2.97619047619048,0.720040281973817,1.15690755387299,0.359996770350785,0,9.09454727363682,137.858929464732,128.764382191096,178.829414707354
A_constZ,0.15,3,0.7,0.692255447007808,0.103838317051171,0.7,d-priority,1.06201171875,1,0,1,2.97619047619048,0.822759315206445,1.82519069813238,0.324928999979635,0,9.09454727363682,156.228114057029,147.133566783392,178.829414707354
A_constZ,0.15,3,0.7,0.692255447007808,0.103838317051171,0.7,q-priority,0.3692626953125,1,0,1,2.97619047619048,0.364551863041289,0.669641953535396,0.28111245320893,0,9.09454727363682,74.2871435717859,65.1925962981491,178.829414707354
A_constZ,0.15,4,0.7,0.692255447007808,0.103838317051171,0.7,circular,1.28311157226562,1,0,1,1.42857142857143,0.879448909299655,1.51508564539438,0.167507698140726,0,20.08004002001,158.029014507254,137.948974487244,156.858429214607
A_constZ,0.15,4,0.7,0.692255447007808,0.103838317051171,0.7,d-priority,1.31660461425781,1,0,1,1.42857142857143,0.888633754305396,1.66195284466938,0.171183362074102,0,20.08004002001,159.469734867434,139.389694847424,156.858429214607
A_constZ,0.15,4,0.7,0.692255447007808,0.103838317051171,0.7,q-priority,0.806961059570312,1,0,1,1.42857142857143,0.545350172215844,1.02872650056239,0.114907390103527,0,20.08004002001,105.622811405703,85.5427713856929,156.858429214607
A_constZ,0.2,1,0.7,0.686406472983644,0.137281294596729,0.7,circular,0.9344482421875,1,0,1,2.38095238095238,0.665188470066519,0.670814790817987,0.188540325720064,0,20.08004002001,128.134067033517,108.054027013507,162.441220610305
A_constZ,0.2,1,0.7,0.686406472983644,0.137281294596729,0.7,d-priority,1.16134643554688,1,0,1,2.38095238095238,0.767184035476719,1.21024799441699,0.201182928608602,0,20.08004002001,144.702351175588,124.622311155578,162.441220610305
A_constZ,0.2,1,0.7,0.686406472983644,0.137281294596729,0.7,q-priority,0.556564331054688,1,0,1,2.38095238095238,0.301552106430155,0.320945536883507,0.0825888695389169,0,20.08004002001,69.0645322661331,48.9844922461231,162.441220610305
A_constZ,0.2,2,0.5,0.49029033784546,0.098058067569092,0.5,circular,0.652923583984375,1,0,1,3.33333333333333,0.622153209109731,0.712034677735708,0.294558995888022,0,14.3171585792897,122.551275637819,108.234117058529,173.966983491746
A_constZ,0.2,2,0.5,0.49029033784546,0.098058067569092,0.5,d-priority,0.987319946289062,1,0,1,3.33333333333333,0.760869565217391,1.5478883342718,0.300220220774367,0,14.3171585792897,146.683341670835,132.366183091546,173.966983491746
A_constZ,0.2,2,0.5,0.49029033784546,0.098058067569092,0.5,q-priority,0.268096923828125,1,0,1,3.33333333333333,0.231884057971014,0.280685948542295,0.17377478366569,0,14.3171585792897,54.6573286643322,40.3401700850425,173.966983491746
A_constZ,0.2,3,0.7,0.686406472983644,0.137281294596729,0.7,circular,0.944366455078125,1,0,1,2.97619047619048,0.691714836223507,1.20617253152217,0.253953883365893,0,7.83391695847925,137.138569284642,129.304652326163,186.933466733367
A_constZ,0.2,3,0.7,0.686406472983644,0.137281294596729,0.7,d-priority,1.46560668945312,1,0,1,2.97619047619048,0.776493256262042,1.87518031557201,0.19675840056046,0,7.83391695847925,152.986493246623,145.152576288144,186.933466733367
A_constZ,0.2,3,0.7,0.686406472983644,0.137281294596729,0.7,q-priority,0.416259765625,1,0,1,2.97619047619048,0.344894026974952,0.689053804915195,0.219509015713261,0,7.83391695847925,72.3061530765383,64.472236118059,186.933466733367
A_constZ,0.2,4,0.7,0.686406472983644,0.137281294596729,0.7,circular,20,1,1,1,1.42857142857143,0.862527716186253,1.59398175511108,0.0106083582883025,0.0205391527599487,20.08004002001,160.190095047524,140.110055027514,162.441220610305
A_constZ,0.2,4,0.7,0.686406472983644,0.137281294596729,0.7,d-priority,20,1,1,1,1.42857142857143,0.858093126385809,1.71313400022291,0.00972029036225478,0.0154838709677419,20.08004002001,159.469734867434,139.389694847424,162.441220610305
A_constZ,0.2,4,0.7,0.686406472983644,0.137281294596729,0.7,q-priority,20,1,1,1,1.42857142857143,1.3159645232816,1.15796368148115,0.327287588847619,0.357744107744108,20.08004002001,233.846923461731,213.766883441721,162.441220610305
A_constZ,0.25,1,0.7,0.679099750101732,0.169774937525433,0.7,circular,1.5753173828125,1,0,1,2.38095238095238,0.639097744360902,0.672668029162901,0.100746674036063,0,20.2601300650325,127.413706853427,107.153576788394,167.663831915958
A_constZ,0.25,1,0.7,0.679099750101732,0.169774937525433,0.7,d-priority,2.11662292480469,1,0,1,2.38095238095238,0.720730397422127,1.1485913054261,0.0947753095966298,0,20.2601300650325,141.100550275138,120.840420210105,167.663831915958
A_constZ,0.25,1,0.7,0.679099750101732,0.169774937525433,0.7,q-priority,0.788116455078125,1,0,1,2.38095238095238,0.281417830290011,0.31350540330664,0.0381713786239899,0,20.2601300650325,67.4437218609305,47.1835917958979,167.663831915958
A_constZ,0.25,2,0.5,0.485071250072666,0.121267812518166,0.5,circular,0.77911376953125,1,0,1,3.33333333333333,0.590954773869347,0.69644515544647,0.224096521776624,0,14.4972486243121,120.390195097549,105.892946473237,179.189594797399
A_constZ,0.25,2,0.5,0.485071250072666,0.121267812518166,0.5,d-priority,1.19873046875,1,0,1,3.33333333333333,0.711557788944724,1.5146855055201,0.210424232104934,0,14.4972486243121,142.00100050025,127.503751875938,179.189594797399
A_constZ,0.25,2,0.5,0.485071250072666,0.121267812518166,0.5,q-priority,0.289306640625,1,0,1,3.33333333333333,0.214070351758794,0.267111875626915,0.136022761401892,0,14.4972486243121,52.856428214107,38.3591795897949,179.189594797399
A_constZ,0.25,3,0.7,0.679099750101732,0.169774937525433,0.7,circular,1.43310546875,1,0,1,2.97619047619048,0.665743305632502,1.25035658917279,0.150510732253532,0,6.57328664332165,136.418209104552,129.844922461231,195.03751875938
A_constZ,0.25,3,0.7,0.679099750101732,0.169774937525433,0.7,d-priority,3.33160400390625,1,0,1,2.97619047619048,0.7331486611265,1.91648957714038,0.0749540508134752,0,6.57328664332165,149.564782391196,142.991495747874,195.03751875938
A_constZ,0.25,3,0.7,0.679099750101732,0.169774937525433,0.7,q-priority,0.477676391601562,1,0,1,2.97619047619048,0.326869806094183,0.705371051141352,0.160946985232568,0,6.57328664332165,70.3251625812907,63.751875937969,195.03751875938
A_constZ,0.25,4,0.7,0.679099750101732,0.169774937525433,0.7,circular,20,1,1,1,1.42857142857143,0.84640171858217,1.66621786671053,-0.146443195580021,0.0722433460076046,20.2601300650325,162.171085542771,141.910955477739,167.663831915958
A_constZ,0.25,4,0.7,0.679099750101732,0.169774937525433,0.7,d-priority,20,1,1,1,1.42857142857143,0.82921589688507,1.75666052653166,-0.146274673490699,0.0530401034928849,20.2601300650325,159.289644822411,139.029514757379,167.663831915958
A_constZ,0.25,4,0.7,0.679099750101732,0.169774937525433,0.7,q-priority,20,1,1,1,1.42857142857143,1.25563909774436,1.45954834651842,0.051127540155211,0.374358974358974,20.2601300650325,230.785392696348,210.525262631316,167.663831915958
A_constZ,0.3,1,0.7,0.670478399654806,0.201143519896442,0.7,circular,20,1,1,1,2.38095238095238,0.613541666666667,0.671107861596818,0.017643898313955,0,20.2601300650325,126.333166583292,106.073036518259,172.886443221611
A_constZ,0.3,1,0.7,0.670478399654806,0.201143519896442,0.7,d-priority,20,1,1,1,2.38095238095238,0.678125,1.08844714625429,-0.0016811092191463,0,20.2601300650325,137.498749374687,117.238619309655,172.886443221611
A_constZ,0.3,1,0.7,0.670478399654806,0.201143519896442,0.7,q-priority,20,1,1,1,2.38095238095238,0.263541666666667,0.304892759273885,-0.00128491391110068,0,20.2601300650325,65.8229114557278,45.5627813906953,172.886443221611
A_constZ,0.3,2,0.5,0.478913142610576,0.143673942783173,0.5,circular,0.980606079101562,1,0,1,3.33333333333333,0.5634765625,0.67846383768873,0.159874248136275,0,14.4972486243121,118.409204602301,103.911955977989,184.412206103052
A_constZ,0.3,2,0.5,0.478913142610576,0.143673942783173,0.5,d-priority,1.59957885742188,1,0,1,3.33333333333333,0.6669921875,1.47073119295256,0.130260568062334,0,14.4972486243121,137.498749374687,123.001500750375,184.412206103052
A_constZ,0.3,2,0.5,0.478913142610576,0.143673942783173,0.5,q-priority,0.318603515625,1,0,1,3.33333333333333,0.19921875,0.253550591284043,0.102789712005752,0,14.4972486243121,51.2356178089044,36.7383691845923,184.412206103052
A_constZ,0.3,3,0.7,0.670478399654806,0.201143519896442,0.7,circular,20,1,1,1,2.97619047619048,0.642984014209591,1.28943775242039,0.050241565812841,0,5.31265632816408,135.697848924462,130.385192596298,202.781390695348
A_constZ,0.3,3,0.7,0.670478399654806,0.201143519896442,0.7,d-priority,20,1,1,1,2.97619047619048,0.696269982238011,1.94926251609277,-0.0386299720355414,0,5.31265632816408,146.503251625813,141.190595297649,202.781390695348
A_constZ,0.3,3,0.7,0.670478399654806,0.201143519896442,0.7,q-priority,0.568771362304688,1,0,1,2.97619047619048,0.310834813499112,0.718862857909612,0.105683093666792,0,5.31265632816408,68.344172086043,63.031515757879,202.781390695348
A_constZ,0.3,4,0.7,0.670478399654806,0.201143519896442,0.7,circular,20,1,1,1,1.42857142857143,0.832291666666667,1.73158326974342,-0.301227933347904,0.1225,20.2601300650325,164.152076038019,143.891945972986,172.886443221611
A_constZ,0.3,4,0.7,0.670478399654806,0.201143519896442,0.7,d-priority,20,1,1,1,1.42857142857143,0.803125,1.79269887066293,-0.294662293387721,0.0906735751295337,20.2601300650325,159.109554777389,138.849424712356,172.886443221611
A_constZ,0.3,4,0.7,0.670478399654806,0.201143519896442,0.7,q-priority,20,1,1,1,1.42857142857143,1.20208333333333,1.73825542753235,-0.204426995423467,0.392207792207792,20.2601300650325,228.084042021011,207.823911955978,172.886443221611
A_constZ,0.4,1,0.7,0.649933683619681,0.259973473447873,0.7,circular,20,1,1,1,2.38095238095238,0.568608094768016,0.659034628478575,-0.131930272015019,0,20.6203101550775,124.352176088044,103.731865932966,182.431215607804
A_constZ,0.4,1,0.7,0.649933683619681,0.259973473447873,0.7,d-priority,20,1,1,1,2.38095238095238,0.604146100691017,0.973998426434964,-0.16606330965906,0,20.6203101550775,130.835417708854,110.215107553777,182.431215607804
A_constZ,0.4,1,0.7,0.649933683619681,0.259973473447873,0.7,q-priority,20,1,1,1,2.38095238095238,0.230997038499506,0.285095284531868,-0.0673238898162313,0,20.6203101550775,62.7613806903452,42.1410705352676,182.431215607804
A_constZ,0.4,2,0.5,0.46423834544263,0.185695338177052,0.5,circular,20,1,1,1,3.33333333333333,0.511606313834726,0.636940584738129,0.0450170113640266,0,14.8574287143572,114.087043521761,99.2296148074037,193.956978489245
A_constZ,0.4,2,0.5,0.46423834544263,0.185695338177052,0.5,d-priority,20,1,1,1,3.33333333333333,0.588672237697307,1.34596714779342,-0.00482541432123811,0,14.8574287143572,129.034517258629,114.177088544272,193.956978489245
A_constZ,0.4,2,0.5,0.46423834544263,0.185695338177052,0.5,q-priority,0.435409545898438,1,0,1,3.33333333333333,0.172701949860724,0.227048196723833,0.043800069667613,0,14.8574287143572,48.3541770885443,33.4967483741871,193.956978489245
A_constZ,0.4,3,0.7,0.649933683619681,0.259973473447873,0.7,circular,20,1,1,1,2.97619047619048,0.602150537634409,1.35274961509015,-0.139250252796577,0,2.97148574287143,134.07703851926,131.105552776388,217.728864432216
A_constZ,0.4,3,0.7,0.649933683619681,0.259973473447873,0.7,d-priority,20,1,1,1,2.97619047619048,0.631100082712986,1.99060559908492,-0.243636812102119,0,2.97148574287143,140.380190095048,137.408704352176,217.728864432216
A_constZ,0.4,3,0.7,0.649933683619681,0.259973473447873,0.7,q-priority,20,1,1,1,2.97619047619048,0.28287841191067,0.738388869000294,0.00497422776098645,0,2.97148574287143,64.5622811405703,61.5907953976988,217.728864432216
A_constZ,0.4,4,0.7,0.649933683619681,0.259973473447873,0.7,circular,20,1,1,1,1.42857142857143,0.806515301085884,1.84168293722147,-0.600860563939509,0.213936430317848,20.6203101550775,167.753876938469,147.133566783392,182.431215607804
A_constZ,0.4,4,0.7,0.649933683619681,0.259973473447873,0.7,d-priority,20,1,1,1,1.42857142857143,0.756169792694965,1.84365461514339,-0.567393885341472,0.161668839634941,20.6203101550775,158.569284642321,137.948974487244,182.431215607804
A_constZ,0.4,4,0.7,0.649933683619681,0.259973473447873,0.7,q-priority,20,1,1,1,1.42857142857143,1.11154985192498,2.22485961146372,-0.659454367110801,0.429458740017746,20.6203101550775,223.401700850425,202.781390695348,182.431215607804
A_constZ,0.5,1,0.7,0.626099033699941,0.313049516849971,0.7,circular,20,1,1,1,2.38095238095238,0.529688972667295,0.637410016732768,-0.258640281500717,0,20.9804902451226,122.191095547774,101.210605302651,191.075537768884
A_constZ,0.5,1,0.7,0.626099033699941,0.313049516849971,0.7,d-priority,20,1,1,1,2.38095238095238,0.542884071630537,0.868843866246634,-0.295059607846501,0,20.9804902451226,124.712356178089,103.731865932966,191.075537768884
A_constZ,0.5,1,0.7,0.626099033699941,0.313049516849971,0.7,q-priority,20,1,1,1,2.38095238095238,0.205466540999058,0.263393689332424,-0.117910565621938,0,20.9804902451226,60.24012006003,39.2596298149075,191.075537768884
A_constZ,0.5,2,0.5,0.447213595499958,0.223606797749979,0.5,circular,20,1,1,1,3.33333333333333,0.466252220248668,0.590609305950117,-0.0490989809613251,0,15.2176088044022,109.764882441221,94.5472736368184,202.781390695348
A_constZ,0.5,2,0.5,0.447213595499958,0.223606797749979,0.5,d-priority,20,1,1,1,3.33333333333333,0.521314387211368,1.14933382769146,-0.108501368983783,0,15.2176088044022,120.930465232616,105.712856428214,202.781390695348
A_constZ,0.5,2,0.5,0.447213595499958,0.223606797749979,0.5,q-priority,20,1,1,1,3.33333333333333,0.150976909413854,0.202042195501955,-0.00129859375353246,0,15.2176088044022,45.8329164582291,30.6153076538269,202.781390695348
A_constZ,0.5,3,0.7,0.626099033699941,0.313049516849971,0.7,circular,20,1,1,1,2.97619047619048,0.567546583850932,1.39789279702193,-0.310923596189907,0,0.630315157578786,132.276138069035,131.645822911456,231.955977988995
A_constZ,0.5,3,0.7,0.626099033699941,0.313049516849971,0.7,d-priority,20,1,1,1,2.97619047619048,0.577639751552795,2.00316374146317,-0.41859569399257,0,0.630315157578786,134.617308654327,133.986993496748,231.955977988995
A_constZ,0.5,3,0.7,0.626099033699941,0.313049516849971,0.7,q-priority,20,1,1,1,2.97619047619048,0.261645962732919,0.749894449339993,-0.0829292609430952,0,0.630315157578786,61.3206603301651,60.6903451725863,231.955977988995
A_constZ,0.5,4,0.7,0.626099033699941,0.313049516849971,0.7,circular,20,1,1,1,1.42857142857143,0.785108388312912,1.92557909240484,-0.880374987808925,0.294964028776978,20.9804902451226,170.995497748874,150.015007503752,191.075537768884
A_constZ,0.5,4,0.7,0.626099033699941,0.313049516849971,0.7,d-priority,20,1,1,1,1.42857142857143,0.717247879359095,1.86960523100627,-0.805728705118907,0.228346456692913,20.9804902451226,158.029014507254,137.048524262131,191.075537768884
A_constZ,0.5,4,0.7,0.626099033699941,0.313049516849971,0.7,q-priority,20,1,1,1,1.42857142857143,1.03958529688973,2.61910886244643,-1.04416019220652,0.467391304347826,20.9804902451226,219.619809904953,198.63931965983,191.075537768884
A_constZ,0.6,1,0.7,0.600245047998781,0.360147028799269,0.7,circular,20,1,1,1,2.38095238095238,0.494117647058823,0.609099577353596,-0.362396313884943,0.0182815356489945,21.5207603801901,119.849924962481,98.3291645822911,198.999499749875
A_constZ,0.6,1,0.7,0.600245047998781,0.360147028799269,0.7,d-priority,20,1,1,1,2.38095238095238,0.489592760180996,0.773926392429759,-0.392462653073185,0.00922509225092251,21.5207603801901,118.949474737369,97.4287143571786,198.999499749875
A_constZ,0.6,1,0.7,0.600245047998781,0.360147028799269,0.7,q-priority,2.85018920898438,1,0,1,2.38095238095238,1.09773755656109,0.300306117886665,-0.214366786778334,0.557660626029654,21.5207603801901,239.969984992496,218.449224612306,198.999499749875
A_constZ,0.6,2,0.5,0.428746462856272,0.257247877713763,0.5,circular,20,1,1,1,3.33333333333333,0.427350427350427,0.542256974320341,-0.123991779030161,0,15.5777888944472,105.622811405703,90.0450225112556,210.705352676338
A_constZ,0.6,2,0.5,0.428746462856272,0.257247877713763,0.5,d-priority,20,1,1,1,3.33333333333333,0.464957264957265,0.967406211444217,-0.185005407132093,0,15.5777888944472,113.546773386693,97.9689844922461,210.705352676338
A_constZ,0.6,2,0.5,0.428746462856272,0.257247877713763,0.5,q-priority,20,1,1,1,3.33333333333333,0.134188034188034,0.179063980233268,-0.0327273229802833,0,15.5777888944472,43.8519259629815,28.2741370685343,210.705352676338
A_constZ,0.6,3,0.7,0.600245047998781,0.360147028799269,0.7,circular,20,1,1,1,2.97619047619048,0.538574577516532,1.42755392504661,-0.463401231922872,0.0122615803814714,-1.53076538269134,130.475237618809,132.006003001501,245.102551275638
A_constZ,0.6,3,0.7,0.600245047998781,0.360147028799269,0.7,d-priority,20,1,1,1,2.97619047619048,0.534900808229243,1.99185606274104,-0.566125183438274,0.00548696844993141,-1.53076538269134,129.574787393697,131.105552776388,245.102551275638
A_constZ,0.6,3,0.7,0.600245047998781,0.360147028799269,0.7,q-priority,2.62054443359375,1,0,1,2.97619047619048,0.98383541513593,0.814422359930606,-0.218321592412247,0.458955223880597,-1.53076538269134,239.609804902451,241.140570285143,245.102551275638
A_constZ,0.6,4,0.7,0.600245047998781,0.360147028799269,0.7,circular,20,1,1,1,1.42857142857143,0.767420814479638,1.98612166251107,-1.13719519462756,0.367491166077739,21.5207603801901,174.23711855928,152.71635817909,198.999499749875
A_constZ,0.6,4,0.7,0.600245047998781,0.360147028799269,0.7,d-priority,20,1,1,1,1.42857142857143,0.68235294117647,1.875022308017,-1.00809220146607,0.288741721854305,21.5207603801901,157.308654327164,135.787893946973,198.999499749875
A_constZ,0.6,4,0.7,0.600245047998781,0.360147028799269,0.7,q-priority,20,1,1,1,1.42857142857143,0.980995475113122,2.92785715300346,-1.36677559081892,0.505069124423963,21.5207603801901,216.738369184592,195.217608804402,198.999499749875
A_constZ,0.7,1,0.7,0.573462344363328,0.40142364105433,0.7,circular,2.66006469726562,1,0,1,2.38095238095238,0.463692038495188,0.576673062946229,-0.445354802559576,0.0790960451977401,22.0610305152576,117.508754377189,95.447723861931,205.84292146073
A_constZ,0.7,1,0.7,0.573462344363328,0.40142364105433,0.7,d-priority,2.66792297363281,1,0,1,2.38095238095238,0.445319335083115,0.689375214899334,-0.463710703517364,0.0411764705882353,22.0610305152576,113.726863431716,91.6658329164582,205.84292146073
A_constZ,0.7,1,0.7,0.573462344363328,0.40142364105433,0.7,q-priority,0.47607421875,1,0,1,2.38095238095238,1.02974628171479,0.461548777578218,-0.423114825436359,0.584889643463497,22.0610305152576,234.027013506753,211.965982991496,205.84292146073
A_constZ,0.7,2,0.5,0.40961596025952,0.286731172181664,0.5,circular,20,1,1,1,3.33333333333333,0.392886683209264,0.494088734362101,-0.181792181001473,0,16.1180590295148,101.660830415208,85.5427713856928,217.728864432216
A_constZ,0.7,2,0.5,0.40961596025952,0.286731172181664,0.5,d-priority,20,1,1,1,3.33333333333333,0.416873449131514,0.815079314639918,-0.239709789886361,0,16.1180590295148,106.88344172086,90.7653826913457,217.728864432216
A_constZ,0.7,2,0.5,0.40961596025952,0.286731172181664,0.5,q-priority,20,1,1,1,3.33333333333333,0.119933829611249,0.158321863744653,-0.0550687312300029,0,16.1180590295148,42.2311155577789,26.1130565282641,217.728864432216
A_constZ,0.7,3,0.7,0.573462344363328,0.40142364105433,0.7,circular,20,1,1,1,2.97619047619048,0.513626834381551,1.44476226448373,-0.597564861740543,0.046195652173913,-3.87193596798399,128.494247123562,132.366183091546,257.708854427214
A_constZ,0.7,3,0.7,0.573462344363328,0.40142364105433,0.7,d-priority,20,1,1,1,2.97619047619048,0.49895178197065,1.96145851286415,-0.689917345535978,0.0181818181818182,-3.87193596798399,124.712356178089,128.584292146073,257.708854427214
A_constZ,0.7,3,0.7,0.573462344363328,0.40142364105433,0.7,q-priority,20,1,1,1,2.97619047619048,0.924528301886792,1.0002688059138,-0.467970011066723,0.469788519637462,-3.87193596798399,234.387193596798,238.259129564782,257.708854427214
A_constZ,0.7,4,0.7,0.573462344363328,0.40142364105433,0.7,circular,1.15257263183594,1,0,1,1.42857142857143,0.753280839895013,2.02692433437238,-1.36792809354538,0.432714617169374,22.0610305152576,177.11855927964,155.057528764382,205.84292146073
A_constZ,0.7,4,0.7,0.573462344363328,0.40142364105433,0.7,d-priority,1.07269287109375,1,0,1,1.42857142857143,0.653543307086614,1.8644964161239,-1.17770130970599,0.346256684491979,22.0610305152576,156.588294147074,134.527263631816,205.84292146073
A_constZ,0.7,4,0.7,0.573462344363328,0.40142364105433,0.7,q-priority,2.00599670410156,1,0,1,1.42857142857143,0.936132983377078,3.1613393526003,-1.63781632338048,0.543417366946779,22.0610305152576,214.757378689345,192.696348174087,205.84292146073
A_constZ,0.8,1,0.7,0.546608166610121,0.437286533288097,0.7,circular,0.433425903320312,1,0,1,2.38095238095238,0.436224489795918,0.542223618973248,-0.509089112685647,0.136186770428016,22.7813906953477,115.167583791896,92.3861930965482,211.785892946473
A_constZ,0.8,1,0.7,0.546608166610121,0.437286533288097,0.7,d-priority,2.57110595703125,1,0,1,2.38095238095238,0.407312925170068,0.614757041971769,-0.51310418491765,0.075,22.7813906953477,109.044522261131,86.2631315657829,211.785892946473
A_constZ,0.8,1,0.7,0.546608166610121,0.437286533288097,0.7,q-priority,0.450057983398438,1,0,1,2.38095238095238,0.970238095238095,0.591608639297147,-0.591411142166511,0.611208406304729,22.7813906953477,228.264132066033,205.482741370685,211.785892946473
A_constZ,0.8,2,0.5,0.390434404721515,0.312347523777212,0.5,circular,20,1,1,1,3.33333333333333,0.362540192926045,0.447672814645715,-0.225144654680261,0,16.6583291645823,97.8789394697349,81.2206103051526,224.032016008004
A_constZ,0.8,2,0.5,0.390434404721515,0.312347523777212,0.5,d-priority,20,1,1,1,3.33333333333333,0.37540192926045,0.688392206711786,-0.277066442670538,0,16.6583291645823,100.760380190095,84.1020510255128,224.032016008004
A_constZ,0.8,2,0.5,0.390434404721515,0.312347523777212,0.5,q-priority,20,1,1,1,3.33333333333333,0.108520900321543,0.139793972751575,-0.0708431078129463,0,16.6583291645823,40.9704852426213,24.312156078039,224.032016008004
A_constZ,0.8,3,0.7,0.546608166610121,0.437286533288097,0.7,circular,20,1,1,1,2.97619047619048,0.491978609625668,1.45244641328017,-0.713914157369187,0.0746268656716418,-6.03301650825414,126.513256628314,132.546273136568,269.414707353677
A_constZ,0.8,3,0.7,0.546608166610121,0.437286533288097,0.7,d-priority,20,1,1,1,2.97619047619048,0.469919786096257,1.91550238676174,-0.793931473136356,0.03125,-6.03301650825414,120.570285142571,126.603301650825,269.414707353677
A_constZ,0.8,3,0.7,0.546608166610121,0.437286533288097,0.7,q-priority,20,1,1,1,2.97619047619048,0.873663101604278,1.15364890742148,-0.680344453868616,0.478593272171254,-6.03301650825414,229.344672336168,235.377688844422,269.414707353677
A_constZ,0.8,4,0.7,0.546608166610121,0.437286533288097,0.7,circular,0.902862548828125,1,0,1,1.42857142857143,0.74234693877551,2.05173860007877,-1.57471533171111,0.491990846681922,22.7813906953477,180,157.218609304652,211.785892946473
A_constZ,0.8,4,0.7,0.546608166610121,0.437286533288097,0.7,d-priority,0.8349609375,1,0,1,1.42857142857143,0.628401360544218,1.84223499083118,-1.316963820835,0.4,22.7813906953477,155.867933966983,133.086543271636,211.785892946473
A_constZ,0.8,4,0.7,0.546608166610121,0.437286533288097,0.7,q-priority,1.53518676757812,1,0,1,1.42857142857143,0.898809523809524,3.33066766482721,-1.86295160923712,0.580340264650284,22.7813906953477,213.136568284142,190.355177588794,211.785892946473
A_constZ,1,1,0.7,0.494974746830583,0.494974746830583,0.7,circular,0.33447265625,1,0,1,2.38095238095238,0.38961038961039,0.473114578670797,-0.592568750520619,0.237006237006237,24.0420210105053,110.485242621311,86.4432216108054,221.870935467734
A_constZ,1,1,0.7,0.494974746830583,0.494974746830583,0.7,d-priority,0.340042114257812,1,0,1,2.38095238095238,0.347402597402597,0.492085233677275,-0.567260928404395,0.144522144522145,24.0420210105053,101.12056028014,77.0785392696348,221.870935467734
A_constZ,1,1,0.7,0.494974746830583,0.494974746830583,0.7,q-priority,0.414505004882812,1,0,1,2.38095238095238,0.875,0.776396665423134,-0.832551087887119,0.659870250231696,24.0420210105053,218.179089544772,194.137068534267,221.870935467734
A_constZ,1,2,0.5,0.353553390593274,0.353553390593274,0.5,circular,0.417709350585938,1,0,1,3.33333333333333,0.311827956989247,0.363649364402032,-0.278378837529685,0.0122850122850123,17.7388694347173,90.8554277138569,73.1165582791396,234.47723861931
A_constZ,1,2,0.5,0.353553390593274,0.353553390593274,0.5,d-priority,0.427780151367188,1,0,1,3.33333333333333,0.30952380952381,0.496397772491292,-0.315136326360531,0.00495049504950495,17.7388694347173,90.3151575787894,72.5762881440721,234.47723861931
A_constZ,1,2,0.5,0.353553390593274,0.353553390593274,0.5,q-priority,0.323562622070312,1,0,1,3.33333333333333,0.910138248847926,0.139818788568661,-0.118386903572216,0.661045531197302,17.7388694347173,231.145572786393,213.406703351676,234.47723861931
A_constZ,1,3,0.7,0.494974746830583,0.494974746830583,0.7,circular,0.772171020507812,1,0,1,2.97619047619048,0.458641975308642,1.44929459382619,-0.906854345830823,0.120967741935484,-10.8954477238619,122.911455727864,133.806903451726,291.745872936468
A_constZ,1,3,0.7,0.494974746830583,0.494974746830583,0.7,d-priority,20,1,1,1,2.97619047619048,0.425308641975309,1.78242634378706,-0.958730033465956,0.0521739130434783,-10.8954477238619,113.186593296648,124.08204102051,291.745872936468
A_constZ,1,3,0.7,0.494974746830583,0.494974746830583,0.7,q-priority,1.45278930664062,1,0,1,2.97619047619048,0.79320987654321,1.38311185328789,-1.01411737582594,0.49144634525661,-10.8954477238619,220.520260130065,231.415707853927,291.745872936468
A_constZ,1,4,0.7,0.494974746830583,0.494974746830583,0.7,circular,0.725250244140625,1,0,1,1.42857142857143,0.727272727272727,2.06692971395887,-1.92369704968888,0.590858416945373,24.0420210105053,185.402701350675,161.36068034017,221.870935467734
A_constZ,1,4,0.7,0.494974746830583,0.494974746830583,0.7,d-priority,0.653839111328125,1,0,1,1.42857142857143,0.586850649350649,1.77609024783169,-1.52032138229915,0.493093922651934,24.0420210105053,154.247123561781,130.205102551276,221.870935467734
A_constZ,1,4,0.7,0.494974746830583,0.494974746830583,0.7,q-priority,1.14547729492188,1,0,1,1.42857142857143,0.844967532467533,3.52117562165179,-2.21388660453266,0.647792706333973,24.0420210105053,211.515757878939,187.473736868434,221.870935467734
A_constZ,1.25,1,0.7,0.437286533288097,0.546608166610121,0.7,circular,0.267791748046875,1,0,1,2.38095238095238,0.34294621979735,0.394554388985647,-0.636843731680605,0.351473922902494,25.8429214607304,105.082541270635,79.2396198099049,231.055527763882
A_constZ,1.25,1,0.7,0.437286533288097,0.546608166610121,0.7,d-priority,0.263137817382812,1,0,1,2.38095238095238,0.291504286827747,0.378835050138297,-0.579103802725135,0.237333333333333,25.8429214607304,93.1965982991496,67.3536768384192,231.055527763882
A_constZ,1.25,1,0.7,0.437286533288097,0.546608166610121,0.7,q-priority,0.387649536132812,1,0,1,2.38095238095238,0.787217459080281,0.909085502217082,-1.00684500729367,0.717111770524233,25.8429214607304,207.733866933467,181.890945472736,231.055527763882
A_constZ,1.25,2,0.5,0.312347523777212,0.390434404721515,0.5,circular,0.317001342773438,1,0,1,3.33333333333333,0.261992619926199,0.278065482505431,-0.302015855035763,0.0955056179775281,19.35967983992,83.2916458229114,63.9319659829915,244.022011005503
A_constZ,1.25,2,0.5,0.312347523777212,0.390434404721515,0.5,d-priority,0.323638916015625,1,0,1,3.33333333333333,0.248708487084871,0.338071943723796,-0.32012041640971,0.0473372781065089,19.35967983992,80.0500250125062,60.6903451725863,244.022011005503
A_constZ,1.25,2,0.5,0.312347523777212,0.390434404721515,0.5,q-priority,0.340576171875,1,0,1,3.33333333333333,0.822878228782288,0.279262324345139,-0.29151084296006,0.711469534050179,19.35967983992,220.16008004002,200.8004002001,244.022011005503
A_constZ,1.25,3,0.7,0.437286533288097,0.546608166610121,0.7,circular,0.654296875,1,0,1,2.97619047619048,0.428974069898534,1.43009288477053,-1.09813651549613,0.156167979002625,-18.4592296148074,118.589294647324,137.048524262131,319.479739869935
A_constZ,1.25,3,0.7,0.437286533288097,0.546608166610121,0.7,d-priority,0.682601928710938,1,0,1,2.97619047619048,0.389515219842165,1.64415357596909,-1.12192613493541,0.0708092485549133,-18.4592296148074,105.982991495748,124.442221110555,319.479739869935
A_constZ,1.25,3,0.7,0.437286533288097,0.546608166610121,0.7,q-priority,1.822509765625,1,0,1,2.97619047619048,0.719278466741826,1.5693744861056,-1.31448733327102,0.496476115896633,-18.4592296148074,211.335667833917,229.794897448724,319.479739869935
A_constZ,1.25,4,0.7,0.437286533288097,0.546608166610121,0.7,circular,0.6353759765625,1,0,1,1.42857142857143,0.720187061574435,2.04804123396508,-2.26729786268084,0.690810810810811,25.8429214607304,192.246123061531,166.4032016008,231.055527763882
A_constZ,1.25,4,0.7,0.437286533288097,0.546608166610121,0.7,d-priority,0.548629760742188,1,0,1,1.42857142857143,0.547155105222136,1.67663086818396,-1.67020223948734,0.593172119487909,25.8429214607304,152.266133066533,126.423211605803,231.055527763882
A_constZ,1.25,4,0.7,0.437286533288097,0.546608166610121,0.7,q-priority,0.942153930664062,1,0,1,1.42857142857143,0.802805923616524,3.5717327016285,-2.51910593302396,0.722599418040737,25.8429214607304,211.335667833917,185.492746373187,231.055527763882
A_constZ,1.5,1,0.7,0.38829013735766,0.582435206036491,0.7,circular,0.226058959960938,1,0,1,2.38095238095238,0.306060606060606,0.328771645430737,-0.643391752264786,0.451851851851852,27.463731865933,100.220110055028,72.7563781890945,237.718859429715
A_constZ,1.5,1,0.7,0.38829013735766,0.582435206036491,0.7,d-priority,0.21636962890625,1,0,1,2.38095238095238,0.251515151515152,0.297718471481856,-0.563410400449331,0.333333333333333,27.463731865933,87.2536268134067,59.7898949474737,237.718859429715
A_constZ,1.5,1,0.7,0.38829013735766,0.582435206036491,0.7,q-priority,0.3692626953125,1,0,1,2.38095238095238,0.721969696969697,0.976156448889602,-1.09752607268112,0.767295597484277,27.463731865933,199.089544772386,171.625812906453,237.718859429715
A_constZ,1.5,2,0.5,0.277350098112615,0.416025147168922,0.5,circular,0.259552001953125,1,0,1,3.33333333333333,0.223098995695839,0.212630368744712,-0.299972491263864,0.169871794871795,20.8004002001001,76.8084042021011,56.008004002001,251.045522761381
A_constZ,1.5,2,0.5,0.277350098112615,0.416025147168922,0.5,d-priority,0.26397705078125,1,0,1,3.33333333333333,0.204447632711621,0.236741683889622,-0.303745083411468,0.0944055944055944,20.8004002001001,72.1260630315158,51.3256628314157,251.045522761381
A_constZ,1.5,2,0.5,0.277350098112615,0.416025147168922,0.5,q-priority,0.3350830078125,1,0,1,3.33333333333333,0.758249641319943,0.362569286625996,-0.393191934673237,0.755198487712665,20.8004002001001,211.155577788894,190.355177588794,251.045522761381
A_constZ,1.5,3,0.7,0.38829013735766,0.582435206036491,0.7,circular,0.6146240234375,1,0,1,2.97619047619048,NaN,1.41810035354189,-1.30190586252827,0.239368165249089,-33.2266133066533,114.807403701851,148.034017008504,NaN
A_constZ,1.5,3,0.7,0.38829013735766,0.582435206036491,0.7,d-priority,0.622329711914062,1,0,1,2.97619047619048,NaN,1.55627392058631,-1.3088709295381,0.155195681511471,-32.8664332166083,100.40020010005,133.266633316658,NaN
A_constZ,1.5,3,0.7,0.38829013735766,0.582435206036491,0.7,q-priority,1.76567077636719,1,0,1,2.97619047619048,NaN,1.96625179908993,-1.85536370291215,0.605047318611987,-81.1305652826413,204.132066033017,285.262631315658,NaN
A_constZ,1.5,4,0.7,0.38829013735766,0.582435206036491,0.7,circular,0.590133666992188,1,0,1,1.42857142857143,0.725,2.01154750181764,-2.55137978599148,0.768267223382046,27.463731865933,199.809904952476,172.346173086543,237.718859429715
A_constZ,1.5,4,0.7,0.38829013735766,0.582435206036491,0.7,d-priority,0.48492431640625,1,0,1,1.42857142857143,0.516666666666667,1.57714168182551,-1.74627104991969,0.674963396778917,27.463731865933,150.285142571286,122.821410705353,237.718859429715
A_constZ,1.5,4,0.7,0.38829013735766,0.582435206036491,0.7,q-priority,0.839004516601562,1,0,1,1.42857142857143,0.781060606060606,3.50229139969968,-2.74454324523304,0.784883720930233,27.463731865933,213.136568284142,185.672836418209,237.718859429715
A_constZ,2,1,0.7,0.313049516849971,0.626099033699941,0.7,circular,0.17486572265625,1,0,1,2.38095238095238,0.251282051282051,0.232692804839996,-0.604926281036372,0.633720930232558,30.5252626313157,92.296148074037,61.7708854427213,245.822911455728
A_constZ,2,1,0.7,0.313049516849971,0.626099033699941,0.7,d-priority,0.1611328125,1,0,1,2.38095238095238,0.196336996336996,0.194932092345639,-0.501010685867768,0.531598513011152,30.5252626313157,78.7893946973487,48.264132066033,245.822911455728
A_constZ,2,1,0.7,0.313049516849971,0.626099033699941,0.7,q-priority,0.34454345703125,1,0,1,2.38095238095238,0.634432234432235,1.01620913511748,-1.15553654169475,0.854671280276817,30.5252626313157,186.48324162081,155.957978989495,245.822911455728
A_constZ,2,2,0.5,0.223606797749979,0.447213595499958,0.5,circular,0.19073486328125,1,0,1,3.33333333333333,0.167474048442907,0.126359231506286,-0.266342179634657,0.316872427983539,23.3216608304152,66.9034517258629,43.5817908954477,260.230115057529
A_constZ,2,2,0.5,0.223606797749979,0.447213595499958,0.5,d-priority,0.189208984375,1,0,1,3.33333333333333,0.146020761245675,0.12468265727347,-0.254663500350122,0.216981132075472,23.3216608304152,61.3206603301651,37.9989994997499,260.230115057529
A_constZ,2,2,0.5,0.223606797749979,0.447213595499958,0.5,q-priority,0.323715209960938,1,0,1,3.33333333333333,0.671280276816609,0.443404599048068,-0.486898626009743,0.829042224510814,23.3216608304152,198.009004502251,174.687343671836,260.230115057529
A_constZ,2,3,0.7,0.313049516849971,0.626099033699941,0.7,circular,0.564422607421875,1,0,1,2.97619047619048,NaN,1.41406881486818,-1.47745433274906,0.288968824940048,-41.5107553776889,108.504252126063,150.015007503752,NaN
A_constZ,2,3,0.7,0.313049516849971,0.626099033699941,0.7,d-priority,0.528717041015625,1,0,1,2.97619047619048,NaN,1.46554435567465,-1.43959265458246,0.190995907230559,-39.3496748374187,92.4762381190595,131.825912956478,NaN
A_constZ,2,3,0.7,0.313049516849971,0.626099033699941,0.7,q-priority,20,1,1,1,2.97619047619048,NaN,2.28699550368179,-2.21874078429597,0.633271490414348,-97.6988494247124,193.326663331666,291.025512756378,NaN
A_constZ,2,4,0.7,0.313049516849971,0.626099033699941,0.7,circular,0.553817749023438,1,0,1,1.42857142857143,1,1.97318610248308,-3.81660726406735,0.907759882869693,30.5252626313157,276.348174087044,245.822911455728,245.822911455728
A_constZ,2,4,0.7,0.313049516849971,0.626099033699941,0.7,d-priority,0.416641235351562,1,0,1,1.42857142857143,1,1.42462838116145,-3.81660726406735,0.907759882869693,30.5252626313157,276.348174087044,245.822911455728,245.822911455728
A_constZ,2,4,0.7,0.313049516849971,0.626099033699941,0.7,q-priority,0.731430053710938,1,0,1,1.42857142857143,1,3.22792502134058,-3.81660726406735,0.907759882869693,30.5252626313157,276.348174087044,245.822911455728,245.822911455728
B_constX,0,1,0.7,0.7,0,0.7,circular,0.406494140625,1,0,1,2.38095238095238,0.794041450777202,0.625146661048113,0.573483703604438,0,20.440220110055,130.835417708854,110.395197598799,139.029514757379
B_constX,0,1,0.7,0.7,0,0.7,d-priority,0.565109252929688,1,0,1,2.38095238095238,1,1.28938390678116,0.712732334630296,0,20.440220110055,159.469734867434,139.029514757379,139.029514757379
B_constX,0,1,0.7,0.7,0,0.7,q-priority,0.29266357421875,1,0,1,2.38095238095238,0.401554404145078,0.333828417357856,0.301479102925277,0,20.440220110055,76.2681340670335,55.8279139569785,139.029514757379
B_constX,0,2,0.5,0.5,0,0.5,circular,0.407028198242188,1,0,1,3.33333333333333,0.769964243146603,0.743549971191964,0.61571870054003,0,14.4972486243121,130.835417708854,116.338169084542,151.095547773887
B_constX,0,2,0.5,0.5,0,0.5,d-priority,0.63385009765625,1,0,1,3.33333333333333,1,1.58037071257291,0.738771774988913,0,14.4972486243121,165.592796398199,151.095547773887,151.095547773887
B_constX,0,2,0.5,0.5,0,0.5,q-priority,0.216598510742188,1,0,1,3.33333333333333,0.32061978545888,0.331336524087951,0.354358660527922,0,14.4972486243121,62.9414707353677,48.4442221110555,151.095547773887
B_constX,0,3,0.7,0.7,0,0.7,circular,0.444717407226562,1,0,1,2.97619047619048,0.822352941176471,0.980891177346298,0.677954880134625,0,13.4167083541771,139.299649824912,125.882941470735,153.076538269135
B_constX,0,3,0.7,0.7,0,0.7,d-priority,0.644607543945312,1,0,1,2.97619047619048,1,1.62482012353744,0.74371181543312,0,13.4167083541771,166.493246623312,153.076538269135,153.076538269135
B_constX,0,3,0.7,0.7,0,0.7,q-priority,0.274429321289062,1,0,1,2.97619047619048,0.441176470588235,0.591191007502825,0.479057977551007,0,13.4167083541771,80.9504752376188,67.5337668834417,153.076538269135
B_constX,0,4,0.7,0.7,0,0.7,circular,0.535888671875,1,0,1,1.42857142857143,0.939119170984456,1.24329291123314,0.621767937299332,0,20.440220110055,151.005502751376,130.565282641321,139.029514757379
B_constX,0,4,0.7,0.7,0,0.7,d-priority,0.580062866210938,1,0,1,1.42857142857143,1,1.46319945887824,0.677969224210873,0,20.440220110055,159.469734867434,139.029514757379,139.029514757379
B_constX,0,4,0.7,0.7,0,0.7,q-priority,0.456466674804688,1,0,1,1.42857142857143,0.650259067357513,0.926603296266994,0.41953880491919,0,20.440220110055,110.845422711356,90.4052026013006,139.029514757379
B_constX,0.02,1,0.7,0.7,0.014,0.700139986002799,circular,0.430374145507812,1,0,1,2.38047633328573,0.779617834394905,0.632493805125607,0.533261946097682,0,20.440220110055,130.655327663832,110.215107553777,141.370685342671
B_constX,0.02,1,0.7,0.7,0.014,0.700139986002799,d-priority,0.590362548828125,1,0,1,2.38047633328573,0.973248407643312,1.29564813561934,0.65594324133226,0,20.440220110055,158.029014507254,137.588794397199,141.370685342671
B_constX,0.02,1,0.7,0.7,0.014,0.700139986002799,q-priority,0.306396484375,1,0,1,2.38047633328573,0.389808917197452,0.3340134573625,0.276456891867851,0,20.440220110055,75.5477738869435,55.1075537768884,141.370685342671
B_constX,0.02,2,0.5,0.5,0.01,0.500099990001999,circular,0.422592163085938,1,0,1,3.33266686660002,0.752347417840376,0.742865950847173,0.580331127381089,0,14.4972486243121,129.934967483742,115.43771885943,153.43671835918
B_constX,0.02,2,0.5,0.5,0.01,0.500099990001999,d-priority,0.655670166015625,1,0,1,3.33266686660002,0.971830985915493,1.58383667936142,0.688810480200109,0,14.4972486243121,163.611805902951,149.114557278639,153.43671835918
B_constX,0.02,2,0.5,0.5,0.01,0.500099990001999,q-priority,0.220108032226562,1,0,1,3.33266686660002,0.309859154929578,0.32679033379796,0.333592357559825,0,14.4972486243121,62.0410205102551,47.543771885943,153.43671835918
B_constX,0.02,3,0.7,0.7,0.014,0.700139986002799,circular,0.469512939453125,1,0,1,2.97559541660716,0.806674338319908,1.00651903366064,0.635491021826491,0,12.8764382191096,139.11955977989,126.24312156078,156.498249124562
B_constX,0.02,3,0.7,0.7,0.014,0.700139986002799,d-priority,0.678634643554688,1,0,1,2.97559541660716,0.972382048331415,1.65551545010626,0.684736305651266,0,12.8764382191096,165.052526263132,152.176088044022,156.498249124562
B_constX,0.02,3,0.7,0.7,0.014,0.700139986002799,q-priority,0.283966064453125,1,0,1,2.97559541660716,0.429228998849252,0.603479406749475,0.451246563281918,0,12.8764382191096,80.0500250125062,67.1735867933967,156.498249124562
B_constX,0.02,4,0.7,0.7,0.014,0.700139986002799,circular,0.574264526367188,1,0,1,1.42828579997144,0.931210191082802,1.2818886096279,0.563896444794465,0,20.440220110055,152.086043021511,131.645822911456,141.370685342671
B_constX,0.02,4,0.7,0.7,0.014,0.700139986002799,d-priority,0.617828369140625,1,0,1,1.42828579997144,0.98343949044586,1.49293191972074,0.608890162691089,0,20.440220110055,159.469734867434,139.029514757379,141.370685342671
B_constX,0.02,4,0.7,0.7,0.014,0.700139986002799,q-priority,0.481948852539062,1,0,1,1.42828579997144,0.635668789808917,0.944408701515184,0.376060638709464,0,20.440220110055,110.305152576288,89.8649324662331,141.370685342671
B_constX,0.05,1,0.7,0.7,0.035,0.700874453807527,circular,0.471572875976562,1,0,1,2.37798175923296,0.758064516129032,0.642078244458876,0.474077001250421,0,20.2601300650325,130.295147573787,110.035017508754,145.152576288144
B_constX,0.05,1,0.7,0.7,0.035,0.700874453807527,d-priority,0.63323974609375,1,0,1,2.37798175923296,0.933002481389578,1.2996391249835,0.572967144516521,0,20.2601300650325,155.687843921961,135.427713856928,145.152576288144
B_constX,0.05,1,0.7,0.7,0.035,0.700874453807527,q-priority,0.329971313476562,1,0,1,2.37798175923296,0.373449131513648,0.33363488314575,0.24114536250825,0,20.2601300650325,74.4672336168084,54.2071035517759,145.152576288144
B_constX,0.05,2,0.5,0.5,0.025,0.50062460986252,circular,0.448455810546875,1,0,1,3.32917446292615,0.729047072330655,0.740562697508564,0.529710314308908,0,14.4972486243121,128.854427213607,114.357178589295,156.858429214607
B_constX,0.05,2,0.5,0.5,0.025,0.50062460986252,d-priority,0.691757202148438,1,0,1,3.32917446292615,0.932261768082664,1.58584293902198,0.616649000957883,0,14.4972486243121,160.730365182591,146.233116558279,156.858429214607
B_constX,0.05,2,0.5,0.5,0.025,0.50062460986252,q-priority,0.226058959960938,1,0,1,3.32917446292615,0.295063145809415,0.319737823441525,0.303629677555237,0,14.4972486243121,60.7803901950976,46.2831415707854,156.858429214607
B_constX,0.05,3,0.7,0.7,0.035,0.700874453807527,circular,0.511856079101562,1,0,1,2.9724771990412,0.785077951002227,1.04364515603982,0.572571265952701,0,11.975987993997,138.939469734867,126.96348174087,161.720860430215
B_constX,0.05,3,0.7,0.7,0.035,0.700874453807527,d-priority,0.736618041992188,1,0,1,2.9724771990412,0.934298440979956,1.69893600655318,0.599234242156935,0,11.975987993997,163.071535767884,151.095547773887,161.720860430215
B_constX,0.05,3,0.7,0.7,0.035,0.700874453807527,q-priority,0.300750732421875,1,0,1,2.9724771990412,0.413140311804009,0.62088478166643,0.41094743002857,0,11.975987993997,78.7893946973487,66.8134067033517,161.720860430215
B_constX,0.05,4,0.7,0.7,0.035,0.700874453807527,circular,0.643997192382812,1,0,1,1.42678905553978,0.918114143920596,1.33758395394078,0.476178646980529,0,20.2601300650325,153.526763381691,133.266633316658,145.152576288144
B_constX,0.05,4,0.7,0.7,0.035,0.700874453807527,d-priority,0.68634033203125,1,0,1,1.42678905553978,0.959057071960298,1.53373111441976,0.507512369207709,0,20.2601300650325,159.469734867434,139.209604802401,145.152576288144
B_constX,0.05,4,0.7,0.7,0.035,0.700874453807527,q-priority,0.526351928710938,1,0,1,1.42678905553978,0.614143920595534,0.968790302439912,0.313525995161867,0,20.2601300650325,109.404702351176,89.1445722861431,145.152576288144
B_constX,0.08,1,0.7,0.7,0.056,0.702236427423129,circular,0.521469116210938,1,0,1,2.3733697108003,0.738181818181818,0.650023174821518,0.41447135060024,0,20.2601300650325,129.934967483742,109.674837418709,148.574287143572
B_constX,0.08,1,0.7,0.7,0.056,0.702236427423129,d-priority,0.68603515625,1,0,1,2.3733697108003,0.896969696969697,1.29651938042806,0.492691022952477,0,20.2601300650325,153.526763381691,133.266633316658,148.574287143572
B_constX,0.08,1,0.7,0.7,0.056,0.702236427423129,q-priority,0.357513427734375,1,0,1,2.3733697108003,0.357575757575758,0.332562182533263,0.206075711165438,0,20.2601300650325,73.3866933466733,53.1265632816408,148.574287143572
B_constX,0.08,2,0.5,0.5,0.04,0.501597448159378,circular,0.478057861328125,1,0,1,3.32271759512042,0.70561797752809,0.736838754842685,0.479204413645444,0,14.4972486243121,127.593796898449,113.096548274137,160.280140070035
B_constX,0.08,2,0.5,0.5,0.04,0.501597448159378,d-priority,0.732040405273438,1,0,1,3.32271759512042,0.89438202247191,1.58397115254114,0.547052393432483,0,14.4972486243121,157.848924462231,143.351675837919,160.280140070035
B_constX,0.08,2,0.5,0.5,0.04,0.501597448159378,q-priority,0.23284912109375,1,0,1,3.32271759512042,0.280898876404494,0.312495395310763,0.274520655081123,0,14.4972486243121,59.5197598799399,45.0225112556278,160.280140070035
B_constX,0.08,3,0.7,0.7,0.056,0.702236427423129,circular,0.562515258789062,1,0,1,2.96671213850037,0.763754045307443,1.07918057692454,0.508170745097325,0,11.0755377688844,138.579289644822,127.503751875938,166.943471735868
B_constX,0.08,3,0.7,0.7,0.056,0.702236427423129,d-priority,0.807113647460938,1,0,1,2.96671213850037,0.897518878101402,1.7391620321908,0.514020326573828,0,11.0755377688844,160.910455227614,149.834917458729,166.943471735868
B_constX,0.08,3,0.7,0.7,0.056,0.702236427423129,q-priority,0.319290161132812,1,0,1,2.96671213850037,0.398058252427184,0.637107956462426,0.370970444434723,0,11.0755377688844,77.5287643821911,66.4532266133066,166.943471735868
B_constX,0.08,4,0.7,0.7,0.056,0.702236427423129,circular,0.736541748046875,1,0,1,1.42402182648018,0.906666666666667,1.39067262847868,0.386739431846698,0,20.2601300650325,154.967483741871,134.707353676838,148.574287143572
B_constX,0.08,4,0.7,0.7,0.056,0.702236427423129,d-priority,0.777206420898438,1,0,1,1.42402182648018,0.936969696969697,1.57029858196083,0.406824658690095,0,20.2601300650325,159.469734867434,139.209604802401,148.574287143572
B_constX,0.08,4,0.7,0.7,0.056,0.702236427423129,q-priority,0.581283569335938,1,0,1,1.42402182648018,0.595151515151515,0.990516786681745,0.252762106083688,0,20.2601300650325,108.684342171086,88.424212106053,148.574287143572
B_constX,0.1,1,0.7,0.7,0.07,0.703491293478462,circular,0.56121826171875,1,0,1,2.36913616716664,0.725536992840095,0.654456259450411,0.375451190437118,0,20.2601300650325,129.754877438719,109.494747373687,150.915457728864
B_constX,0.1,1,0.7,0.7,0.07,0.703491293478462,d-priority,0.728378295898438,1,0,1,2.36913616716664,0.872315035799523,1.28996166548438,0.439753966837686,0,20.2601300650325,151.905952976488,131.645822911456,150.915457728864
B_constX,0.1,1,0.7,0.7,0.07,0.703491293478462,q-priority,0.3790283203125,1,0,1,2.36913616716664,0.348448687350835,0.331513561385796,0.184022681687085,0,20.2601300650325,72.8464232116058,52.5862931465733,150.915457728864
B_constX,0.1,2,0.5,0.5,0.05,0.502493781056044,circular,0.500411987304688,1,0,1,3.3167906340333,0.691796008869179,0.73362301550384,0.446746153392641,0,14.4972486243121,126.873436718359,112.376188094047,162.441220610305
B_constX,0.1,2,0.5,0.5,0.05,0.502493781056044,d-priority,0.762481689453125,1,0,1,3.3167906340333,0.870288248337029,1.58053128202501,0.501744626963827,0,14.4972486243121,155.867933966983,141.370685342671,162.441220610305
B_constX,0.1,2,0.5,0.5,0.05,0.502493781056044,q-priority,0.237960815429688,1,0,1,3.3167906340333,0.272727272727273,0.307590669187562,0.256030014545243,0,14.4972486243121,58.7993996998499,44.3021510755378,162.441220610305
B_constX,0.1,3,0.7,0.7,0.07,0.703491293478462,circular,0.602493286132812,1,0,1,2.9614202089583,0.750528541226216,1.10197849984322,0.464957477325626,0,10.5352676338169,138.3991995998,127.863931965983,170.365182591296
B_constX,0.1,3,0.7,0.7,0.07,0.703491293478462,d-priority,0.8642578125,1,0,1,2.9614202089583,0.875264270613108,1.76419597242575,0.458662217034595,0,10.5352676338169,159.649824912456,149.114557278639,170.365182591296
B_constX,0.1,3,0.7,0.7,0.07,0.703491293478462,q-priority,0.332717895507812,1,0,1,2.9614202089583,0.387949260042283,0.647289017781188,0.343918194818816,0,10.5352676338169,76.6283141570785,66.0930465232616,170.365182591296
B_constX,0.1,4,0.7,0.7,0.07,0.703491293478462,circular,0.818939208984375,1,0,1,1.42148170029998,0.898568019093079,1.42464485899201,0.326858302942914,0,20.2601300650325,155.867933966983,135.607803901951,150.915457728864
B_constX,0.1,4,0.7,0.7,0.07,0.703491293478462,d-priority,0.858078002929688,1,0,1,1.42148170029998,0.922434367541766,1.5925178012092,0.340997980593533,0,20.2601300650325,159.469734867434,139.209604802401,150.915457728864
B_constX,0.1,4,0.7,0.7,0.07,0.703491293478462,q-priority,0.626449584960938,1,0,1,1.42148170029998,0.582338902147971,1.00357502163744,0.213588553699738,0,20.2601300650325,108.144072036018,87.8839419709855,150.915457728864
B_constX,0.15,1,0.7,0.7,0.105,0.707831194565484,circular,0.696868896484375,1,0,1,2.35461036397214,0.696655132641292,0.662757621846655,0.278378964756246,0,20.440220110055,129.214607303652,108.774387193597,156.138069034517
B_constX,0.15,1,0.7,0.7,0.105,0.707831194565484,d-priority,0.8770751953125,1,0,1,2.35461036397214,0.817762399077278,1.25199699480005,0.313791593827872,0,20.440220110055,148.124062031016,127.68384192096,156.138069034517
B_constX,0.15,1,0.7,0.7,0.105,0.707831194565484,q-priority,0.448150634765625,1,0,1,2.35461036397214,0.32641291810842,0.327895779700574,0.13048834305374,0,20.440220110055,71.4057028514257,50.9654827413707,156.138069034517
B_constX,0.15,2,0.5,0.5,0.075,0.505593710403917,circular,0.568313598632812,1,0,1,3.29645450956099,0.657020364415863,0.723319266522894,0.366803998726557,0,14.4972486243121,124.892446223112,110.395197598799,168.024012006003
B_constX,0.15,2,0.5,0.5,0.075,0.505593710403917,d-priority,0.855636596679688,1,0,1,3.29645450956099,0.813504823151125,1.56410503150701,0.394795618042293,0,14.4972486243121,151.185592796398,136.688344172086,168.024012006003
B_constX,0.15,2,0.5,0.5,0.075,0.505593710403917,q-priority,0.253448486328125,1,0,1,3.29645450956099,0.252947481243301,0.295269381909025,0.211283544873972,0,14.4972486243121,56.9984992496248,42.5012506253127,168.024012006003
B_constX,0.15,3,0.7,0.7,0.105,0.707831194565484,circular,0.736770629882812,1,0,1,2.94326295496517,0.720484359233098,1.1558632837276,0.355388073392432,0,9.27463731865934,137.858929464732,128.584292146073,178.469234617309
B_constX,0.15,3,0.7,0.7,0.105,0.707831194565484,d-priority,1.06781005859375,1,0,1,2.94326295496517,0.823410696266398,1.82049947837515,0.321241779944582,0,9.27463731865934,156.228114057029,146.953476738369,178.469234617309
B_constX,0.15,3,0.7,0.7,0.105,0.707831194565484,q-priority,0.371780395507812,1,0,1,2.94326295496517,0.366296670030272,0.670638242768512,0.277299658003957,0,9.27463731865934,74.6473236618309,65.3726863431716,178.469234617309
B_constX,0.15,4,0.7,0.7,0.105,0.707831194565484,circular,1.22810363769531,1,0,1,1.41276621838328,0.883506343713956,1.50484136340318,0.178437578458462,0,20.440220110055,158.389194597299,137.948974487244,156.138069034517
B_constX,0.15,4,0.7,0.7,0.105,0.707831194565484,d-priority,1.25953674316406,1,0,1,1.41276621838328,0.891580161476355,1.64142297130525,0.181765367466074,0,20.440220110055,159.649824912456,139.209604802401,156.138069034517
B_constX,0.15,4,0.7,0.7,0.105,0.707831194565484,q-priority,0.799407958984375,1,0,1,1.41276621838328,0.552479815455594,1.03152860760194,0.120626305242146,0,20.440220110055,106.703351675838,86.2631315657829,156.138069034517
B_constX,0.2,1,0.7,0.7,0.14,0.71386273190299,circular,0.939407348632812,1,0,1,2.33471589450219,0.668526785714286,0.667525095278901,0.183708825532654,0,20.6203101550775,128.494247123562,107.873936968484,161.36068034017
B_constX,0.2,1,0.7,0.7,0.14,0.71386273190299,d-priority,1.15943908691406,1,0,1,2.33471589450219,0.767857142857143,1.17847004516047,0.197002146667139,0,20.6203101550775,144.522261130565,123.901950975488,161.36068034017
B_constX,0.2,1,0.7,0.7,0.14,0.71386273190299,q-priority,0.557327270507812,1,0,1,2.33471589450219,0.305803571428571,0.323188628654674,0.0813318242363071,0,20.6203101550775,69.9649824912456,49.3446723361681,161.36068034017
B_constX,0.2,2,0.5,0.5,0.1,0.509901951359279,circular,0.663299560546875,1,0,1,3.26860225230307,0.624740124740125,0.710263882403195,0.289101425314729,0,14.6773386693347,122.911455727864,108.234117058529,173.246623311656
B_constX,0.2,2,0.5,0.5,0.1,0.509901951359279,d-priority,0.9942626953125,1,0,1,3.26860225230307,0.760914760914761,1.53604800790681,0.293956426220556,0,14.6773386693347,146.503251625813,131.825912956478,173.246623311656
B_constX,0.2,2,0.5,0.5,0.1,0.509901951359279,q-priority,0.274810791015625,1,0,1,3.26860225230307,0.234927234927235,0.283068427565485,0.167959616591399,0,14.6773386693347,55.3776888444222,40.7003501750875,173.246623311656
B_constX,0.2,3,0.7,0.7,0.14,0.71386273190299,circular,0.970611572265625,1,0,1,2.91839486812774,0.694015444015444,1.20535089727406,0.245643056776885,0,8.01400700350174,137.498749374687,129.484742371186,186.573286643322
B_constX,0.2,3,0.7,0.7,0.14,0.71386273190299,d-priority,1.50604248046875,1,0,1,2.91839486812774,0.776061776061776,1.86780807218415,0.188002759406004,0,8.01400700350174,152.806403201601,144.792396198099,186.573286643322
B_constX,0.2,3,0.7,0.7,0.14,0.71386273190299,q-priority,0.42510986328125,1,0,1,2.91839486812774,0.347490347490347,0.691182812280571,0.212036721726838,0,8.01400700350174,72.8464232116058,64.832416208104,186.573286643322
B_constX,0.2,4,0.7,0.7,0.14,0.71386273190299,circular,20,1,1,1,1.40082953670131,0.868303571428572,1.57881862326635,0.03320659665109,0.024390243902439,20.6203101550775,160.730365182591,140.110055027514,161.36068034017
B_constX,0.2,4,0.7,0.7,0.14,0.71386273190299,d-priority,20,1,1,1,1.40082953670131,0.862723214285715,1.68245002218051,0.0319358881348105,0.0180878552971576,20.6203101550775,159.829914957479,139.209604802401,161.36068034017
B_constX,0.2,4,0.7,0.7,0.14,0.71386273190299,q-priority,20,1,1,1,1.40082953670131,1.31138392857143,1.18611579790956,0.343801383567446,0.353741496598639,20.6203101550775,232.226113056528,211.605802901451,161.36068034017
B_constX,0.25,1,0.7,0.7,0.175,0.72154348448309,circular,1.654052734375,1,0,1,2.30986309558412,0.645021645021645,0.669328917170082,0.0934436345400704,0,20.8004002001001,128.134067033517,107.333666833417,166.4032016008
B_constX,0.25,1,0.7,0.7,0.175,0.72154348448309,d-priority,2.26470947265625,1,0,1,2.30986309558412,0.722943722943723,1.10632101658761,0.0892415322113319,0,20.8004002001001,141.100550275138,120.300150075038,166.4032016008
B_constX,0.25,1,0.7,0.7,0.175,0.72154348448309,q-priority,0.785598754882812,1,0,1,2.30986309558412,0.288961038961039,0.317717983187711,0.0370440561929845,0,20.8004002001001,68.8844422211105,48.0840420210105,166.4032016008
B_constX,0.25,2,0.5,0.5,0.125,0.515388203202208,circular,0.8087158203125,1,0,1,3.23380833381777,0.594949494949495,0.695064026844531,0.214632038867323,0,14.8574287143572,120.930465232616,106.073036518259,178.289144572286
B_constX,0.25,2,0.5,0.5,0.125,0.515388203202208,d-priority,1.22833251953125,1,0,1,3.23380833381777,0.713131313131313,1.4954836147352,0.200618462105724,0,14.8574287143572,142.00100050025,127.143571785893,178.289144572286
B_constX,0.25,2,0.5,0.5,0.125,0.515388203202208,q-priority,0.305252075195312,1,0,1,3.23380833381777,0.219191919191919,0.271198016804676,0.127063294450106,0,14.8574287143572,53.9369684842421,39.0795397698849,178.289144572286
B_constX,0.25,3,0.7,0.7,0.175,0.72154348448309,circular,1.607666015625,1,0,1,2.88732886948016,0.670686456400742,1.25057222550142,0.134331534177684,0,6.93346673336669,137.138569284642,130.205102551276,194.137068534267
B_constX,0.25,3,0.7,0.7,0.175,0.72154348448309,d-priority,5.05218505859375,1,0,1,2.88732886948016,0.73469387755102,1.90615830900266,0.0589904658045774,0,6.93346673336669,149.564782391196,142.631315657829,194.137068534267
B_constX,0.25,3,0.7,0.7,0.175,0.72154348448309,q-priority,0.500946044921875,1,0,1,2.88732886948016,0.331168831168831,0.709172712857439,0.146962737771483,0,6.93346673336669,71.2256128064032,64.2921460730365,194.137068534267
B_constX,0.25,4,0.7,0.7,0.175,0.72154348448309,circular,20,1,1,1,1.38591785735047,0.857142857142857,1.64744610646659,-0.105901570144444,0.0807061790668348,20.8004002001001,163.431715857929,142.631315657829,166.4032016008
B_constX,0.25,4,0.7,0.7,0.175,0.72154348448309,d-priority,20,1,1,1,1.38591785735047,0.838744588744589,1.71763660909757,-0.106780216292524,0.0605670103092784,20.8004002001001,160.370185092546,139.569784892446,166.4032016008
B_constX,0.25,4,0.7,0.7,0.175,0.72154348448309,q-priority,20,1,1,1,1.38591785735047,1.24675324675325,1.50175880078069,0.0889138126353243,0.367736339982654,20.8004002001001,228.264132066033,207.463731865933,166.4032016008
B_constX,0.3,1,0.7,0.7,0.21,0.730821455623738,circular,20,1,1,1,2.28053877433608,0.622105263157895,0.668745561029876,0.00618786881917399,0,21.1605802901451,127.593796898449,106.433216608304,171.085542771386
B_constX,0.3,1,0.7,0.7,0.21,0.730821455623738,d-priority,20,1,1,1,2.28053877433608,0.681052631578947,1.03733975542109,-0.0100829652489835,0,21.1605802901451,137.67883941971,116.518259129565,171.085542771386
B_constX,0.3,1,0.7,0.7,0.21,0.730821455623738,q-priority,20,1,1,1,2.28053877433608,0.273684210526316,0.311767854119211,-0.0029506265372408,0,21.1605802901451,67.983991995998,46.8234117058529,171.085542771386
B_constX,0.3,2,0.5,0.5,0.15,0.522015325445528,circular,1.07414245605469,1,0,1,3.1927542840705,0.568897637795275,0.678307143059055,0.143801837159171,0,15.2176088044022,119.309654827414,104.092046023011,182.971485742871
B_constX,0.3,2,0.5,0.5,0.15,0.522015325445528,d-priority,1.75308227539062,1,0,1,3.1927542840705,0.668307086614173,1.44074671369429,0.113506450499366,0,15.2176088044022,137.498749374687,122.281140570285,182.971485742871
B_constX,0.3,2,0.5,0.5,0.15,0.522015325445528,q-priority,0.355606079101562,1,0,1,3.1927542840705,0.205708661417323,0.259832854188503,0.0875818853399086,0,15.2176088044022,52.856428214107,37.6388194097048,182.971485742871
B_constX,0.3,3,0.7,0.7,0.21,0.730821455623738,circular,20,1,1,1,2.85067346792009,0.649107142857143,1.29171023247571,0.0222578900803593,0,5.85292646323162,136.778389194597,130.925462731366,201.700850425213
B_constX,0.3,3,0.7,0.7,0.21,0.730821455623738,d-priority,20,1,1,1,2.85067346792009,0.697321428571429,1.93560308457558,-0.0656109320790368,0,5.85292646323162,146.503251625813,140.650325162581,201.700850425213
B_constX,0.3,3,0.7,0.7,0.21,0.730821455623738,q-priority,0.634689331054688,1,0,1,2.85067346792009,0.316964285714286,0.724819957442829,0.0827557363094139,0,5.85292646323162,69.7848924462231,63.9319659829915,201.700850425213
B_constX,0.3,4,0.7,0.7,0.21,0.730821455623738,circular,20,1,1,1,1.36832326460164,0.847368421052631,1.71174022825526,-0.238203036106479,0.135235732009926,21.1605802901451,166.133066533267,144.972486243122,171.085542771386
B_constX,0.3,4,0.7,0.7,0.21,0.730821455623738,d-priority,20,1,1,1,1.36832326460164,0.817894736842105,1.74895626313879,-0.234459590274672,0.104113110539846,21.1605802901451,161.090545272636,139.929964982491,171.085542771386
B_constX,0.3,4,0.7,0.7,0.21,0.730821455623738,q-priority,20,1,1,1,1.36832326460164,1.18842105263158,1.79470452647472,-0.135903557703997,0.383185840707965,21.1605802901451,224.48224112056,203.321660830415,171.085542771386
B_constX,0.4,1,0.7,0.7,0.28,0.753923072998831,circular,20,1,1,1,2.21065878782205,0.585341365461848,0.66261566000639,-0.153883119036596,0,22.0610305152576,127.053526763382,104.992496248124,179.369684842421
B_constX,0.4,1,0.7,0.7,0.28,0.753923072998831,d-priority,20,1,1,1,2.21065878782205,0.61144578313253,0.912934416797468,-0.179496888347482,0,22.0610305152576,131.735867933967,109.674837418709,179.369684842421
B_constX,0.4,1,0.7,0.7,0.28,0.753923072998831,q-priority,20,1,1,1,2.21065878782205,0.248995983935743,0.299271585825523,-0.0680823883883577,0,22.0610305152576,66.7233616808404,44.6623311655828,179.369684842421
B_constX,0.4,2,0.5,0.5,0.2,0.53851648071345,circular,20,1,1,1,3.09492230295086,0.522065727699531,0.642219823125149,0.0110445717072645,0,15.9379689844922,116.068034017009,100.130065032516,191.795897948974
B_constX,0.4,2,0.5,0.5,0.2,0.53851648071345,d-priority,20,1,1,1,3.09492230295086,0.590610328638498,1.26001241815937,-0.0399013195799587,0,15.9379689844922,129.214607303652,113.27663831916,191.795897948974
B_constX,0.4,2,0.5,0.5,0.2,0.53851648071345,q-priority,20,1,1,1,3.09492230295086,0.184037558685446,0.238953249192654,0.0176594337184401,0,15.9379689844922,51.2356178089044,35.2976488244122,191.795897948974
B_constX,0.4,3,0.7,0.7,0.28,0.753923072998831,circular,20,1,1,1,2.76332348477756,0.613199665831245,1.36272897543758,-0.204256242487738,0,4.05202601300651,136.23811905953,132.186093046523,215.567783891946
B_constX,0.4,3,0.7,0.7,0.28,0.753923072998831,d-priority,20,1,1,1,2.76332348477756,0.634920634920635,1.96792777775845,-0.30331932391177,0,4.05202601300651,140.920460230115,136.868434217109,215.567783891946
B_constX,0.4,3,0.7,0.7,0.28,0.753923072998831,q-priority,20,1,1,1,2.76332348477756,0.292397660818713,0.749893327163111,-0.0445843134089786,0,4.05202601300651,67.0835417708854,63.0315157578789,215.567783891946
B_constX,0.4,4,0.7,0.7,0.28,0.753923072998831,circular,20,1,1,1,1.32639527269323,0.838353413654619,1.83190617806401,-0.47707660324423,0.240430622009569,22.0610305152576,172.436218109055,150.375187593797,179.369684842421
B_constX,0.4,4,0.7,0.7,0.28,0.753923072998831,d-priority,20,1,1,1,1.32639527269323,0.790160642570281,1.80730915697483,-0.456013215443161,0.194162436548223,22.0610305152576,163.791895947974,141.730865432716,179.369684842421
B_constX,0.4,4,0.7,0.7,0.28,0.753923072998831,q-priority,20,1,1,1,1.32639527269323,1.09136546184739,2.30315357579713,-0.495010194297048,0.416360294117647,22.0610305152576,217.818909454727,195.75787893947,179.369684842421
B_constX,0.5,1,0.7,0.7,0.35,0.782623792124926,circular,20,1,1,1,2.1295885499998,0.557487922705314,0.653132369370137,-0.292729939727243,0.00519031141868512,23.3216608304152,127.233616808404,103.911955977989,186.393196598299
B_constX,0.5,1,0.7,0.7,0.35,0.782623792124926,d-priority,20,1,1,1,2.1295885499998,0.556521739130435,0.809975697764822,-0.308361592933407,0.00346620450606586,23.3216608304152,127.053526763382,103.731865932967,186.393196598299
B_constX,0.5,1,0.7,0.7,0.35,0.782623792124926,q-priority,20,1,1,1,2.1295885499998,1.16714975845411,0.299134295711736,-0.123158125741232,0.524400330851944,23.3216608304152,240.870435217609,217.548774387194,186.393196598299
B_constX,0.5,2,0.5,0.5,0.25,0.559016994374947,circular,20,1,1,1,2.98142396999972,0.48509485094851,0.605611021990617,-0.109994048609432,0,16.8384192096048,113.546773386693,96.7083541770886,199.35967983992
B_constX,0.5,2,0.5,0.5,0.25,0.559016994374947,d-priority,20,1,1,1,2.98142396999972,0.525745257452574,1.03687462589895,-0.169231353234335,0,16.8384192096048,121.650825412706,104.812406203102,199.35967983992
B_constX,0.5,2,0.5,0.5,0.25,0.559016994374947,q-priority,20,1,1,1,2.98142396999972,0.167118337850045,0.220788190637729,-0.0370666471424532,0,16.8384192096048,50.1550775387694,33.3166583291646,199.35967983992
B_constX,0.5,3,0.7,0.7,0.35,0.782623792124926,circular,20,1,1,1,2.66198568749975,0.586750788643533,1.42069756121019,-0.433989567693835,0.00268456375838926,2.43121560780389,136.418209104552,133.986993496748,228.354177088544
B_constX,0.5,3,0.7,0.7,0.35,0.782623792124926,d-priority,20,1,1,1,2.66198568749975,0.58596214511041,1.96383969938615,-0.527971722841576,0.00134408602150538,2.43121560780389,136.23811905953,133.806903451726,228.354177088544
B_constX,0.5,3,0.7,0.7,0.35,0.782623792124926,q-priority,8.32511901855469,1,0,1,2.66198568749975,1.04731861198738,0.780233098652294,-0.184306062627755,0.440933032355154,2.43121560780389,241.590795397699,239.159579789895,228.354177088544
B_constX,0.5,4,0.7,0.7,0.35,0.782623792124926,circular,20,1,1,1,1.27775312999988,0.842512077294686,1.94904746112687,-0.680200461805331,0.34135166093929,23.3216608304152,180.360180090045,157.03851925963,186.393196598299
B_constX,0.5,4,0.7,0.7,0.35,0.782623792124926,d-priority,20,1,1,1,1.27775312999988,0.777777777777778,1.8709332351913,-0.636503352150912,0.286600496277916,23.3216608304152,168.294147073537,144.972486243122,186.393196598299
B_constX,0.5,4,0.7,0.7,0.35,0.782623792124926,q-priority,20,1,1,1,1.27775312999988,1.01835748792271,2.69469441849622,-0.745647833846441,0.454976303317536,23.3216608304152,213.136568284142,189.814907453727,186.393196598299
B_constX,0.6,1,0.7,0.7,0.42,0.816333265278342,circular,20,1,1,1,2.04164982312511,0.537019681349578,0.643489452354845,-0.408112986953665,0.0975609756097561,24.9424712356178,128.134067033517,103.191595797899,192.156078039019
B_constX,0.6,1,0.7,0.7,0.42,0.816333265278342,d-priority,20,1,1,1,2.04164982312511,0.513589503280225,0.728977209363312,-0.402359754396336,0.0564663023679417,24.9424712356178,123.631815907954,98.6893446723362,192.156078039019
B_constX,0.6,1,0.7,0.7,0.42,0.816333265278342,q-priority,20,1,1,1,2.04164982312511,1.07872539831303,0.579267614418631,-0.432890164113805,0.550347222222222,24.9424712356178,232.226113056528,207.28364182091,192.156078039019
B_constX,0.6,2,0.5,0.5,0.3,0.58309518948453,circular,20,1,1,1,2.85830975237515,0.45446584938704,0.571087193585115,-0.220942946028012,0,18.0990495247624,111.565782891446,93.4667333666833,205.662831415708
B_constX,0.6,2,0.5,0.5,0.3,0.58309518948453,d-priority,20,1,1,1,2.85830975237515,0.472854640980736,0.86079921364567,-0.27751965115026,0,18.0990495247624,115.347673836918,97.2486243121561,205.662831415708
B_constX,0.6,2,0.5,0.5,0.3,0.58309518948453,q-priority,20,1,1,1,2.85830975237515,0.154115586690017,0.205309719341296,-0.0830673526189533,0,18.0990495247624,49.7948974487244,31.695847923962,205.662831415708
B_constX,0.6,3,0.7,0.7,0.42,0.816333265278342,circular,20,1,1,1,2.55206227890638,0.567567567567568,1.46821222046705,-0.669105381324737,0.0607661822985469,0.990495247623802,137.138569284642,136.148074037019,239.879939969985
B_constX,0.6,3,0.7,0.7,0.42,0.816333265278342,d-priority,20,1,1,1,2.55206227890638,0.548048048048048,1.91375750210751,-0.743407972613403,0.027359781121751,0.990495247623802,132.456228114057,131.465732866433,239.879939969985
B_constX,0.6,3,0.7,0.7,0.42,0.816333265278342,q-priority,20,1,1,1,2.55206227890638,0.973723723723724,1.09198559950017,-0.610908828810818,0.452234206471495,0.990495247623802,234.567283641821,233.576788394197,239.879939969985
B_constX,0.6,4,0.7,0.7,0.42,0.816333265278342,circular,20,1,1,1,1.22498989387506,0.861293345829428,2.07364037631834,-0.849343002435089,0.43695652173913,24.9424712356178,190.445222611306,165.502751375688,192.156078039019
B_constX,0.6,4,0.7,0.7,0.42,0.816333265278342,d-priority,20,1,1,1,1.22498989387506,0.78444236176195,1.95215443596232,-0.786303743459583,0.381861575178998,24.9424712356178,175.67783891946,150.735367683842,192.156078039019
B_constX,0.6,4,0.7,0.7,0.42,0.816333265278342,q-priority,20,1,1,1,1.22498989387506,0.970946579194002,2.9534840610775,-0.912774809794983,0.500482160077146,24.9424712356178,211.515757878939,186.573286643322,192.156078039019
B_constX,0.7,1,0.7,0.7,0.49,0.854458893101359,circular,20,1,1,1,1.950552191712,0.524245196706313,0.636056011619341,-0.499295586933002,0.191637630662021,26.5632816408204,129.754877438719,103.191595797899,196.838419209605
B_constX,0.7,1,0.7,0.7,0.49,0.854458893101359,d-priority,20,1,1,1,1.950552191712,0.483074107959744,0.668103570135897,-0.466087850464509,0.122873345935728,26.5632816408204,121.650825412706,95.0875437718859,196.838419209605
B_constX,0.7,1,0.7,0.7,0.49,0.854458893101359,q-priority,20,1,1,1,1.950552191712,1.00274473924977,0.82729523598483,-0.683849266451969,0.577028258887876,26.5632816408204,223.941970985493,197.378689344672,196.838419209605
B_constX,0.7,2,0.5,0.5,0.35,0.610327780786685,circular,20,1,1,1,2.7307730683968,0.431372549019608,0.540298578795307,-0.324507249592423,0.00591715976331361,19.35967983992,110.485242621311,91.1255627813907,211.245622811406
B_constX,0.7,2,0.5,0.5,0.35,0.610327780786685,d-priority,20,1,1,1,2.7307730683968,0.429667519181586,0.725593376046941,-0.369355443220469,0.00198019801980198,19.35967983992,110.125062531266,90.7653826913457,211.245622811406
B_constX,0.7,2,0.5,0.5,0.35,0.610327780786685,q-priority,0.393142700195312,1,0,1,2.7307730683968,1.04433077578858,0.205648170594666,-0.137271215138296,0.588907014681892,19.35967983992,239.969984992496,220.610305152576,211.245622811406
B_constX,0.7,3,0.7,0.7,0.49,0.854458893101359,circular,0.776443481445312,1,0,1,2.43819023964,0.553635709143269,1.50794304678698,-0.91033937546706,0.115584415584416,-0.0900450225112478,138.3991995998,138.489244622311,250.145072536268
B_constX,0.7,3,0.7,0.7,0.49,0.854458893101359,d-priority,20,1,1,1,2.43819023964,0.518358531317495,1.81180869872273,-0.952124391665792,0.0554785020804438,-0.0900450225112478,129.574787393697,129.664832416208,250.145072536268
B_constX,0.7,3,0.7,0.7,0.49,0.854458893101359,q-priority,0.773391723632812,1,0,1,2.43819023964,0.910727141828654,1.376492537747,-1.01893207725884,0.462085308056872,-0.0900450225112478,227.723861930965,227.813906953477,250.145072536268
B_constX,0.7,4,0.7,0.7,0.49,0.854458893101359,circular,20,1,1,1,1.1703313150272,0.900274473924977,2.21782471630007,-0.99044753080745,0.528934010152284,26.5632816408204,203.771885942971,177.208604302151,196.838419209605
B_constX,0.7,4,0.7,0.7,0.49,0.854458893101359,d-priority,20,1,1,1,1.1703313150272,0.817017383348582,2.06543719193805,-0.91931853592074,0.480984340044743,26.5632816408204,187.383691845923,160.820410205103,196.838419209605
B_constX,0.7,4,0.7,0.7,0.49,0.854458893101359,q-priority,20,1,1,1,1.1703313150272,0.955169258920403,3.05450851412333,-1.02719058620744,0.555980861244019,26.5632816408204,214.577288644322,188.014007003502,196.838419209605
B_constX,0.8,1,0.7,0.7,0.56,0.896437393240599,circular,20,1,1,1,1.85921145105483,0.517985611510791,0.6324912719112,-0.565268568903553,0.285961871750433,28.544272136068,132.276138069035,103.731865932967,200.260130065033
B_constX,0.8,1,0.7,0.7,0.56,0.896437393240599,d-priority,20,1,1,1,1.85921145105483,0.461330935251799,0.624634085612773,-0.49945736216047,0.198443579766537,28.544272136068,120.930465232616,92.3861930965483,200.260130065033
B_constX,0.8,1,0.7,0.7,0.56,0.896437393240599,q-priority,20,1,1,1,1.85921145105483,0.93794964028777,1.04122633899348,-0.870779017079134,0.60536398467433,28.544272136068,216.378189094547,187.833916958479,200.260130065033
B_constX,0.8,2,0.5,0.5,0.4,0.640312423743285,circular,0.422897338867188,1,0,1,2.60289603147677,0.413043478260869,0.51416498270279,-0.42122751001478,0.0828282828282828,20.9804902451226,109.944972486243,88.9644822411205,215.387693846923
B_constX,0.8,2,0.5,0.5,0.4,0.640312423743285,d-priority,0.449905395507812,1,0,1,2.60289603147677,0.395484949832776,0.623827413775489,-0.447510899837681,0.0421940928270042,20.9804902451226,106.16308154077,85.1825912956478,215.387693846923
B_constX,0.8,2,0.5,0.5,0.4,0.640312423743285,q-priority,0.3985595703125,1,0,1,2.60289603147677,0.980769230769231,0.422245048537504,-0.400178170380555,0.613287904599659,20.9804902451226,232.226113056528,211.245622811406,215.387693846923
B_constX,0.8,3,0.7,0.7,0.56,0.896437393240599,circular,0.61614990234375,1,0,1,2.32401431381854,0.545833333333333,1.54248775068014,-1.16168644382719,0.168996188055909,-0.990495247623802,140.56028014007,141.550775387694,259.329664832416
B_constX,0.8,3,0.7,0.7,0.56,0.896437393240599,d-priority,0.662384033203125,1,0,1,2.32401431381854,0.496527777777778,1.72968062432128,-1.15933238359965,0.0865921787709497,-0.990495247623802,127.773886943472,128.764382191096,259.329664832416
B_constX,0.8,3,0.7,0.7,0.56,0.896437393240599,q-priority,0.972900390625,1,0,1,2.32401431381854,0.857638888888889,1.63341595782514,-1.4065979715577,0.470873786407767,-0.990495247623802,221.420710355178,222.411205602801,259.329664832416
B_constX,0.8,4,0.7,0.7,0.56,0.896437393240599,circular,20,1,1,1,1.1155268706329,0.973920863309352,2.39963751330439,-1.11205429347872,0.619926199261993,28.544272136068,223.581790895448,195.03751875938,200.260130065033
B_constX,0.8,4,0.7,0.7,0.56,0.896437393240599,d-priority,20,1,1,1,1.1155268706329,0.909172661870504,2.24044332922252,-1.06612968873882,0.592885375494071,28.544272136068,210.615307653827,182.071035517759,200.260130065033
B_constX,0.8,4,0.7,0.7,0.56,0.896437393240599,q-priority,20,1,1,1,1.1155268706329,0.982913669064748,2.82571341715647,-1.11753069000238,0.623400365630713,28.544272136068,225.382691345673,196.838419209605,200.260130065033
B_constX,1,1,0.7,0.7,0.7,0.989949493661166,circular,0.85205078125,1,0,1,1.68358757425368,0.524647887323944,0.641311412294636,-0.616487955393752,0.465661641541039,32.6863431715858,140.020010005003,107.333666833417,204.582291145573
B_constX,1,1,0.7,0.7,0.7,0.989949493661166,d-priority,0.803985595703125,1,0,1,1.68358757425368,0.442781690140845,0.579598912968247,-0.495103671747585,0.367063492063492,32.6863431715858,123.271635817909,90.5852926463232,204.582291145573
B_constX,1,1,0.7,0.7,0.7,0.989949493661166,q-priority,1.52610778808594,1,0,1,1.68358757425368,0.834507042253521,1.36075160365784,-1.01512352578317,0.663856691253952,32.6863431715858,203.411705852926,170.725362681341,204.582291145573
B_constX,1,2,0.5,0.5,0.5,0.707106781186548,circular,0.341567993164062,1,0,1,2.35702260395516,0.392682926829268,0.47711792632702,-0.602532771427282,0.243801652892562,24.2221110555278,111.205602801401,86.983491745873,221.510755377689
B_constX,1,2,0.5,0.5,0.5,0.707106781186548,d-priority,0.34637451171875,1,0,1,2.35702260395516,0.348780487804878,0.493283605000341,-0.573069025588334,0.148837209302326,24.2221110555278,101.480740370185,77.2586293146573,221.510755377689
B_constX,1,2,0.5,0.5,0.5,0.707106781186548,q-priority,0.426559448242188,1,0,1,2.35702260395516,0.873170731707317,0.795564729813622,-0.852720005131608,0.65953488372093,24.2221110555278,217.638819409705,193.416708354177,221.510755377689
B_constX,1,3,0.7,0.7,0.7,0.989949493661166,circular,0.475387573242188,1,0,1,2.10448446781711,0.543063773833005,1.60554045884978,-1.69753502457516,0.269649334945586,-1.89094547273636,146.863431715858,148.754377188594,273.91695847924
B_constX,1,3,0.7,0.7,0.7,0.989949493661166,d-priority,0.470428466796875,1,0,1,2.10448446781711,0.471400394477318,1.61869564012778,-1.57991678191222,0.158774373259053,-1.89094547273636,127.233616808404,129.124562281141,273.91695847924
B_constX,1,3,0.7,0.7,0.7,0.989949493661166,q-priority,0.78155517578125,1,0,1,2.10448446781711,0.77646285338593,2.06473316997813,-2.11575529480454,0.489001692047377,-1.89094547273636,210.795397698849,212.686343171586,273.91695847924
B_constX,1,4,0.7,0.7,0.7,0.989949493661166,circular,3.731689453125,1,0,1,1.01015254455221,1,2.72295757599675,-1.15993495099482,0.719437115215479,32.6863431715858,237.268634317159,204.582291145573,204.582291145573
B_constX,1,4,0.7,0.7,0.7,0.989949493661166,d-priority,3.71490478515625,1,0,1,1.01015254455221,1,2.71753738136335,-1.15993495099482,0.719437115215479,32.6863431715858,237.268634317159,204.582291145573,204.582291145573
B_constX,1,4,0.7,0.7,0.7,0.989949493661166,q-priority,3.7469482421875,1,0,1,1.01015254455221,1,2.72851241314878,-1.15993495099482,0.719437115215479,32.6863431715858,237.268634317159,204.582291145573,204.582291145573
B_constX,1.25,1,0.7,0.7,0.875,1.12054674155075,circular,0.997314453125,1,0,1,1.48736916084387,0.570552147239264,0.690340669490682,-0.621705858183597,0.670245398773006,38.6293146573287,155.867933966983,117.238619309655,205.482741370685
B_constX,1.25,1,0.7,0.7,0.875,1.12054674155075,d-priority,0.89874267578125,1,0,1,1.48736916084387,0.45749342681858,0.584161330089128,-0.470101611154414,0.588910133843212,38.6293146573287,132.63631815908,94.0070035017509,205.482741370685
B_constX,1.25,1,0.7,0.7,0.875,1.12054674155075,q-priority,1.90399169921875,1,0,1,1.48736916084387,0.75635407537248,1.54498977441123,-0.850106199787882,0.751157407407407,38.6293146573287,194.047023511756,155.417708854427,205.482741370685
B_constX,1.25,2,0.5,0.5,0.625,0.800390529679106,circular,0.358352661132812,1,0,1,2.08231682518141,0.388621794871795,0.458797390468075,-0.736422106380908,0.446502057613169,28.9044522261131,116.248124062031,87.3436718359179,224.752376188094
B_constX,1.25,2,0.5,0.5,0.625,0.800390529679106,d-priority,0.343704223632812,1,0,1,2.08231682518141,0.322115384615385,0.416149064551818,-0.624034094161765,0.332506203473945,28.9044522261131,101.300650325163,72.3961980990495,224.752376188094
B_constX,1.25,2,0.5,0.5,0.625,0.800390529679106,q-priority,0.551605224609375,1,0,1,2.08231682518141,0.771634615384615,1.1475349508963,-1.20637861919483,0.720954356846473,28.9044522261131,202.331165582791,173.426713356678,224.752376188094
B_constX,1.25,3,0.7,0.7,0.875,1.12054674155075,circular,0.402603149414062,1,0,1,1.85921145105483,0.565217391304348,1.69504199538749,-2.42440021474413,0.388641425389755,-1.53076538269134,160.010005002501,161.540770385193,285.802901450725
B_constX,1.25,3,0.7,0.7,0.875,1.12054674155075,d-priority,0.37628173828125,1,0,1,1.85921145105483,0.465028355387524,1.5597162507726,-2.10150404325132,0.257104194857916,-1.53076538269134,131.375687843922,132.906453226613,285.802901450725
B_constX,1.25,3,0.7,0.7,0.875,1.12054674155075,q-priority,0.644760131835938,1,0,1,1.85921145105483,0.713925645872716,2.45941912307927,-2.88795738944974,0.515873015873016,-1.53076538269134,202.511255627814,204.042021010505,285.802901450725
B_constX,1.25,4,0.7,0.7,0.875,1.12054674155075,circular,4.14390563964844,1,0,0,0.89242149650632,1,2.44691421742501,-1.05420179038743,0.811733800350263,38.6293146573287,244.112056028014,205.482741370685,205.482741370685
B_constX,1.25,4,0.7,0.7,0.875,1.12054674155075,d-priority,4.14390563964844,1,0,0,0.89242149650632,1,2.44691421742501,-1.05420179038743,0.811733800350263,38.6293146573287,244.112056028014,205.482741370685,205.482741370685
B_constX,1.25,4,0.7,0.7,0.875,1.12054674155075,q-priority,4.14390563964844,1,0,0,0.89242149650632,1,2.44691421742501,-1.05420179038743,0.811733800350263,38.6293146573287,244.112056028014,205.482741370685,205.482741370685
B_constX,1.5,1,0.7,0.7,1.05,1.2619429464124,circular,1.57722473144531,1,0,1,1.32071475291721,0.677304964539007,0.79773678908298,-0.63113465843196,0.835294117647059,44.7523761880941,182.341170585293,137.588794397199,203.141570785393
B_constX,1.5,1,0.7,0.7,1.05,1.2619429464124,d-priority,1.2823486328125,1,0,1,1.32071475291721,0.518617021276596,0.64896465899072,-0.45874997672504,0.784982935153584,44.7523761880941,150.105052526263,105.352676338169,203.141570785393
B_constX,1.5,1,0.7,0.7,1.05,1.2619429464124,q-priority,2.97508239746094,1,0,1,1.32071475291721,0.757978723404255,1.42476627666285,-0.709084446646676,0.852803738317757,44.7523761880941,198.729364682341,153.976988494247,203.141570785393
B_constX,1.5,2,0.5,0.5,0.75,0.901387818865997,circular,0.406723022460938,1,0,1,1.8490006540841,0.40625,0.469368413927423,-0.786253247944357,0.633858267716535,33.9469734867434,125.252626313157,91.3056528264132,224.752376188094
B_constX,1.5,2,0.5,0.5,0.75,0.901387818865997,d-priority,0.376815795898438,1,0,1,1.8490006540841,0.318910256410256,0.393476472404256,-0.589803586419083,0.533834586466165,33.9469734867434,105.622811405703,71.6758379189595,224.752376188094
B_constX,1.5,2,0.5,0.5,0.75,0.901387818865997,q-priority,0.70587158203125,1,0,1,1.8490006540841,0.697115384615385,1.3710693399699,-1.32732080402532,0.786452353616533,33.9469734867434,190.625312656328,156.678339169585,224.752376188094
B_constX,1.5,3,0.7,0.7,1.05,1.2619429464124,circular,0.448989868164062,1,0,1,1.65089344114652,0.622222222222222,1.82852655329177,-2.99586208580019,0.506442021803766,0.450225112556265,181.980990495248,181.530765382691,291.745872936468
B_constX,1.5,3,0.7,0.7,1.05,1.2619429464124,d-priority,0.406723022460938,1,0,1,1.65089344114652,0.481481481481481,1.57348206720938,-2.37799909822128,0.36235595390525,0.450225112556265,140.920460230115,140.470235117559,291.745872936468
B_constX,1.5,3,0.7,0.7,1.05,1.2619429464124,q-priority,0.615310668945312,1,0,1,1.65089344114652,0.696913580246914,2.71883633256515,-3.33430399042635,0.55929203539823,0.450225112556265,203.771885942971,203.321660830415,291.745872936468
B_constX,1.5,4,0.7,0.7,1.05,1.2619429464124,circular,6.33842468261719,1,0,0,0.792428851750327,1,2.11758894706873,-0.875470266242179,0.888396811337467,44.7523761880941,247.893946973487,203.141570785393,203.141570785393
B_constX,1.5,4,0.7,0.7,1.05,1.2619429464124,d-priority,6.33842468261719,1,0,0,0.792428851750327,1,2.11758894706873,-0.875470266242179,0.888396811337467,44.7523761880941,247.893946973487,203.141570785393,203.141570785393
B_constX,1.5,4,0.7,0.7,1.05,1.2619429464124,q-priority,6.33842468261719,1,0,0,0.792428851750327,1,2.11758894706873,-0.875470266242179,0.888396811337467,44.7523761880941,247.893946973487,203.141570785393,203.141570785393
B_constX,2,1,0.7,0.7,1.4,1.56524758424985,circular,20,1,1,1,1.0647942749999,1,1.32415020821516,-0.494390810650159,1,56.9984992496248,249.874937468734,192.87643821911,192.87643821911
B_constX,2,1,0.7,0.7,1.4,1.56524758424985,d-priority,20,1,1,1,1.0647942749999,1,1.2625173318051,-0.494390810650159,1,56.9984992496248,249.874937468734,192.87643821911,192.87643821911
B_constX,2,1,0.7,0.7,1.4,1.56524758424985,q-priority,20,1,1,1,1.0647942749999,1,1.34338114183667,-0.494390810650159,1,56.9984992496248,249.874937468734,192.87643821911,192.87643821911
B_constX,2,2,0.5,0.5,1,1.11803398874989,circular,0.616989135742188,1,0,1,1.49071198499986,0.512736236647494,0.579430043053425,-0.76565553125217,0.9168,43.8519259629815,156.228114057029,112.376188094047,219.169584792396
B_constX,2,2,0.5,0.5,1,1.11803398874989,d-priority,0.546035766601562,1,0,1,1.49071198499986,0.373048479868529,0.446629647345083,-0.513146107439824,0.885714285714286,43.8519259629815,125.612806403202,81.7608804402201,219.169584792396
B_constX,2,2,0.5,0.5,1,1.11803398874989,q-priority,1.10649108886719,1,0,1,1.49071198499986,0.638455217748562,1.3969351189731,-0.991588657552531,0.933161953727506,43.8519259629815,183.781890945473,139.929964982491,219.169584792396
B_constX,2,3,0.7,0.7,1.4,1.56524758424985,circular,0.766067504882812,1,0,1,1.33099284374988,1,2.77073538907665,-4.19809610691275,0.753101736972705,8.37418709354679,298.499249624812,290.125062531266,290.125062531266
B_constX,2,3,0.7,0.7,1.4,1.56524758424985,d-priority,0.728302001953125,1,0,1,1.33099284374988,1,2.50332896993576,-4.19809610691275,0.753101736972705,8.37418709354679,298.499249624812,290.125062531266,290.125062531266
B_constX,2,3,0.7,0.7,1.4,1.56524758424985,q-priority,0.837173461914062,1,0,1,1.33099284374988,1,3.34878625721626,-4.19809610691275,0.753101736972705,8.37418709354679,298.499249624812,290.125062531266,290.125062531266
B_constX,2,4,0.7,0.7,1.4,1.56524758424985,circular,20,1,1,0,0.63887656499994,1,1.51014579712426,-0.494390810650159,1,56.9984992496248,249.874937468734,192.87643821911,192.87643821911
B_constX,2,4,0.7,0.7,1.4,1.56524758424985,d-priority,20,1,1,0,0.63887656499994,1,1.51014579712426,-0.494390810650159,1,56.9984992496248,249.874937468734,192.87643821911,192.87643821911
B_constX,2,4,0.7,0.7,1.4,1.56524758424985,q-priority,20,1,1,0,0.63887656499994,1,1.51014579712426,-0.494390810650159,1,56.9984992496248,249.874937468734,192.87643821911,192.87643821911
