Xsep,m_E,E1,E2,absI1,absI2,I_circ_est,Imax,limited_prefault,SEP_exists
0.05,0.001,1.0005,0.9995,0.258454910076913,0.251477144452577,0.02,0.6,0,1
0.05,0.002,1.001,0.999,0.264155410141056,0.250323207047287,0.04,0.6,0,1
0.05,0.005,1.0025,0.9975,0.288990811491602,0.256368401619596,0.1,0.6,0,1
0.05,0.01,1.005,0.995,0.349874734114494,0.294670097198384,0.2,0.6,0,1
0.05,0.02,1.01,0.99,0.510105831763452,0.434792173518318,0.4,0.6,0,1
0.05,0.03,1.015,0.985,0.6,0.6,0.6,0.6,1,1
0.05,0.05,1.025,0.975,0.6,0.6,1,0.6,1,1
0.05,0.075,1.0375,0.9625,NaN,NaN,1.5,0.6,NaN,0
0.05,0.1,1.05,0.95,NaN,NaN,2,0.6,NaN,0
0.05,0.125,1.0625,0.9375,NaN,NaN,2.5,0.6,NaN,0
0.05,0.15,1.075,0.925,NaN,NaN,3,0.6,NaN,0
0.05,0.2,1.1,0.9,NaN,NaN,4,0.6,NaN,0
0.05,0.25,1.125,0.875,NaN,NaN,5,0.6,NaN,0
0.05,0.3,1.15,0.85,NaN,NaN,6,0.6,NaN,0
0.2,0.001,1.0005,0.9995,0.2555690635843,0.253905799146626,0.005,0.6,0,1
0.2,0.002,1.001,0.999,0.256542958040932,0.253218298081676,0.01,0.6,0,1
0.2,0.005,1.0025,0.9975,0.260020591228323,0.251741436517593,0.025,0.6,0,1
0.2,0.01,1.005,0.995,0.267591797063759,0.251259739097347,0.05,0.6,0,1
0.2,0.02,1.01,0.99,0.288698908323814,0.257680496093443,0.1,0.6,0,1
0.2,0.03,1.015,0.985,0.316373044142317,0.273258455465842,0.15,0.6,0,1
0.2,0.05,1.025,0.975,0.385475097456896,0.325916533125447,0.25,0.6,0,1
0.2,0.075,1.0375,0.9625,0.487193740669847,0.41689776370041,0.375,0.6,0,1
0.2,0.1,1.05,0.95,0.597824564950064,0.522164653234022,0.5,0.6,0,1
0.2,0.125,1.0625,0.9375,0.6,0.6,0.625,0.6,1,1
0.2,0.15,1.075,0.925,0.6,0.6,0.75,0.6,1,1
0.2,0.2,1.1,0.9,0.6,0.6,1,0.6,1,1
0.2,0.25,1.125,0.875,NaN,NaN,1.25,0.6,NaN,0
0.2,0.3,1.15,0.85,NaN,NaN,1.5,0.6,NaN,0
0.7,0.001,1.0005,0.9995,0.256747660191881,0.256354929043636,0.00142857142857143,0.6,0,1
0.7,0.002,1.001,0.999,0.256955809783777,0.256170383651039,0.00285714285714286,0.6,0,1
0.7,0.005,1.0025,0.9975,0.257627163787064,0.255664230980347,0.00714285714285714,0.6,0,1
0.7,0.01,1.005,0.995,0.258901178208836,0.254979820937344,0.0142857142857143,0.6,0,1
0.7,0.02,1.01,0.99,0.262020070124119,0.25421312222978,0.0285714285714286,0.6,0,1
0.7,0.03,1.015,0.985,0.265877100746224,0.254254528252395,0.0428571428571429,0.6,0,1
0.7,0.05,1.025,0.975,0.275675710830269,0.256752545812816,0.0714285714285714,0.6,0,1
0.7,0.075,1.0375,0.9625,0.2914521015582,0.264257688325833,0.107142857142857,0.6,0,1
0.7,0.1,1.05,0.95,0.310584621870303,0.276250614583471,0.142857142857143,0.6,0,1
0.7,0.125,1.0625,0.9375,0.332494429075415,0.292179683359489,0.178571428571429,0.6,0,1
0.7,0.15,1.075,0.925,0.35667014027842,0.311442022108778,0.214285714285714,0.6,0,1
0.7,0.2,1.1,0.9,0.410182862558972,0.357728572828445,0.285714285714286,0.6,0,1
0.7,0.25,1.125,0.875,0.468586347712331,0.411386185546999,0.357142857142857,0.6,0,1
0.7,0.3,1.15,0.85,0.530268799730885,0.469900949721079,0.428571428571429,0.6,0,1
