case,family,description,band,Msys_CL,Msys_relDev,CCT_sys_s,CCT_relDev,stable_to_breaker,post_eq_exists,maxVthShift_pre_pu,maxVthShift_fault_pu,maxVthShift_post_pu
Nominal,B0,"baseline",-,0.722269742189114,0,0.233868956565857,0,1,1,0,0,0
B1a_S_slack_-5pct,B1,"Slack SG complex power x 0.95",S_slack +/-5%,0.722268321264695,-1.96730436846057e-06,0.23348867893219,-0.00162602869252511,1,1,0.00824960833428375,0.00377488563573618,0.00873663372914271
B1b_S_slack_+5pct,B1,"Slack SG complex power x 1.05",S_slack +/-5%,0.722276155366869,8.87920036075001e-06,0.234315991401672,0.00191147573572701,1,1,0.00824960833428382,0.00377488563573614,0.00873663372914246
B1c_S_GFL_-10pct,B1,"GFL complex power x 0.90",S_GFL +/-10%,0.722215293753312,-7.53851817700518e-05,0.233668684959412,-0.000856341129605701,1,1,0.00171676145209366,0.000603458011137686,0.00190481048913155
B1d_S_GFL_+10pct,B1,"GFL complex power x 1.10",S_GFL +/-10%,0.722324059578433,7.5203744731583e-05,0.234070420265198,0.000861438398234306,1,1,0.00171676145209327,0.0006034580111377,0.00190481048913194
B1e_Vop_mag_-2pct,B1,"|Vop| at all non-cluster buses x 0.98",|V| +/-2%,0.720930144083963,-0.00185470611172266,0.229380130767822,-0.0191937650210135,1,1,0.00979657837690955,0.00381830974687179,0.0105017032841115
B1f_Vop_mag_+2pct,B1,"|Vop| at all non-cluster buses x 1.02",|V| +/-2%,0.723558647850819,0.00178452119259252,0.238627791404724,0.0203482963653926,1,1,0.00951790452949621,0.00379121320278456,0.0101946600036132
B1g_Vop_ang_-1deg,B1,"ang(Vop) at all non-cluster buses - 1 deg",ang(V) +/-1 deg,0.72244065083619,0.00023662717277608,0.235094428062439,0.00523999215020631,1,1,0.00710907272266671,0.00319949681003402,0.0075075832010716
B1h_Vop_ang_+1deg,B1,"ang(Vop) at all non-cluster buses + 1 deg",ang(V) +/-1 deg,0.722092629702164,-0.000245216539755843,0.23263156414032,-0.00529096483649237,1,1,0.00710907272266658,0.00319949681003404,0.00750758320107133
B1i_joint_neg,B1,"Joint -: S_slack x0.95, S_GFL x0.90, |V| x0.98, ang(V) -1 deg",joint worst-case,0.721042580098874,-0.00169903571831817,0.229925513267517,-0.0168617646234265,1,1,0.0166572190188219,0.00568015958362013,0.0169406492237543
B1j_joint_pos,B1,"Joint +: S_slack x1.05, S_GFL x1.10, |V| x1.02, ang(V) +1 deg",joint worst-case,0.723441754508649,0.00162267952134214,0.237932801246643,0.0173765887549157,1,1,0.0163854836500783,0.00563268778706023,0.0166801599605251
B2_pretrip_1_2,B2,"Pre-fault N-1: open line 1-2, PF re-run",N-1 line outage (PF re-run),0.681662310014812,-0.056221976087805,0.169048309326172,-0.277166530314731,1,1,0.433932947647818,0.190750875859648,0.459953436472493
B2_pretrip_2_3,B2,"Pre-fault N-1: open line 2-3, PF re-run",N-1 line outage (PF re-run),0.703065099494211,-0.0265892942388748,0.189918875694275,-0.187926099799422,1,1,0.148646781845199,0.218522331240191,0.19402108754098
B2_pretrip_2_5,B2,"Pre-fault N-1: open line 2-5, PF re-run",N-1 line outage (PF re-run),0.72466530613512,0.00331671646488399,0.424883365631104,0.816758290070266,1,1,0.0221034321845782,0.064406364339195,0.0581831807473618
B2_pretrip_3_4,B2,"Pre-fault N-1: open line 3-4, PF re-run",N-1 line outage (PF re-run),0.719839782878928,-0.00336433768195868,0.441610217094421,0.888280614832542,1,1,0.0511387138515426,0.261483768936142,0.0330313857333005
B2_pretrip_4_5,B2,"Pre-fault N-1: open line 4-5, PF re-run",N-1 line outage (PF re-run),0.724419714693213,0.00297668914882487,10,41.758988396068,1,1,0.0466831783260009,0.140609624076414,0.117427454808636
B2_pretrip_6_11,B2,"Pre-fault N-1: open line 6-11, PF re-run",N-1 line outage (PF re-run),0.721559798403795,-0.000982934413350106,0.232135057449341,-0.0074139772203065,1,1,0.0121268679633651,0.0141258425068328,0.0136733563153589
B2_pretrip_10_11,B2,"Pre-fault N-1: open line 10-11, PF re-run",N-1 line outage (PF re-run),0.721459411631982,-0.00112192233704277,0.232230424880981,-0.00700619573001807,1,1,0.00691822920574003,0.0135948546668535,0.0082018917702799
B2_pretrip_13_14,B2,"Pre-fault N-1: open line 13-14, PF re-run",N-1 line outage (PF re-run),0.721947397526267,-0.000446294014574246,0.232959389686584,-0.00388921596362589,1,1,0.00731736521796805,0.00760511422356422,0.00818772176010236
B3a_Xdp_-25pct,B3,"Xdprime_sg x 0.75",Xdprime +/-25%,0.728190054299404,0.00819681590474279,0.287116765975952,0.22768224646823,1,1,0.00452512335821765,0.0319190897093887,0.00431526283950245
B3b_Xdp_+25pct,B3,"Xdprime_sg x 1.25",Xdprime +/-25%,0.717269768608178,-0.00692258485836756,0.212318301200867,-0.0921484222679277,1,1,0.00342235587639758,0.0221407262840906,0.00328381250529103
B3c_branchX_-10pct,B3,"All branch reactances x 0.90 (PF re-run)",branch X +/-10%,0.720519286412187,-0.00242354853689584,0.218552350997925,-0.065492255974636,1,1,0.0209949133717959,0.0157305304612597,0.023927740255113
B3d_branchX_+10pct,B3,"All branch reactances x 1.10 (PF re-run)",branch X +/-10%,0.723830140744047,0.00216040969708078,0.252721309661865,0.0806107547270795,1,1,0.0210000402062874,0.0145031588797152,0.0238775297042128
