bus,stage,Vth_pu,Vth_deg,Rth_pu,Xth_pu
2,pre,1.0008583936953,-6.14743928430593,0.0231893936670126,0.107510598845789
2,fault,0.304477097604631,-4.07593387967033,0.0153117568003001,0.054343176179261
2,post,0.999134684809889,-4.93503832809044,0.0242827363471089,0.116389943629494
3,pre,0.97580524331156,-11.2369158399643,0.0572791482829213,0.149634879758639
3,fault,0.228280831333415,-15.2152288970057,0.0392412477318908,0.0936777788817084
3,post,0.96853303733865,-11.8982306769095,0.0587295531382979,0.151579659844305
8,pre,1.02429937611821,-11.786808015443,0.0494249326564682,0.400365892888057
8,fault,0.0447392104615481,-7.8315371361471,0.00994911064075173,0.31282368506386
8,post,1.00510754093712,-13.5552472096659,0.0623322448869158,0.415100229622718
